SMILES,title,i_i_glide_lignum,docking_status,r_glide_cpu_time,r_i_docking_score,s_i_glide_gridfile,r_glide_XP_ClBr,r_glide_XP_Electro,r_glide_XP_GScore,r_glide_XP_HBond,i_glide_XP_impact_version,r_glide_XP_LipophilicEvdW,r_glide_XP_LowMW,r_glide_XP_Penalties,r_glide_XP_HBPenal,r_glide_XP_ExposPenal,r_glide_XP_RotPenal,r_glide_XP_PhobEn,r_glide_XP_PhobEnHB,r_glide_XP_PhobEnPairHB,r_glide_XP_PiCat,r_glide_XP_PiStack,i_glide_XP_PoseRank,r_glide_XP_Sitemap,r_glide_XP_Zpotr,r_i_glide_gscore,r_i_glide_evdw,r_i_glide_ecoul,r_i_glide_energy,r_i_glide_einternal,r_i_glide_emodel
C/C=C(\C)C(=O)O[C@H]1CCN2CC=C(COC(=O)[C@@](O)([C@H](C)OC)C(C)(C)O)[C@@H]12,"CC=C(C)C(=O)OC1CCN2C1C(=CC2)COC(=O)C(C(C)OC)(C(C)(C)O)O",1,Done,124.05,-3.65707,"grid_allosteric",0,-0.721931,-3.65707,-1.61102,,-1.69771,-0.128369,0.00422379,0,0.108793,0.44899,0,0,0,0,0,1,-0.0600522,0,-3.65707,-21.7958,-9.62574,-31.4216,4.97404,-42.1143
C/C=C(/C)C(=O)O[C@H]1CCN2CC=C(COC(=O)[C@@](O)([C@H](C)OC)C(C)(C)O)[C@@H]12,"CC=C(C)C(=O)OC1CCN2C1C(=CC2)COC(=O)C(C(C)OC)(C(C)(C)O)O",2,Done,106.23,-3.8966,"grid_allosteric",0,-0.613212,-3.8966,-2.09772,,-1.56007,-0.128369,6.36664e-06,0,0.0801274,0.44899,0,0,0,0,0,1,-0.0263547,0,-3.8966,-22.2281,-8.17616,-30.4042,0,-35.9501
C=C(C)[C@@H]1CC=C(CO)CC1,"CC(=C)C1CCC(=CC1)CO",3,Done,13.12,-2.39189,"grid_allosteric",0,-0.440582,-2.39189,-1.25339,,-0.582908,-0.5,0,0,0.00232984,0.546898,-0.164238,0,0,0,0,1,0,0,-2.39189,-9.31606,-5.87442,-15.1905,3.18184,-15.5051
COc1c(C(C)C)cc2c(=O)cc3c(cc2c1O)C=CC(=O)C3(C)C,"CC(C)C1=C(C(=C2C=C3C=CC(=O)C(C3=CC(=O)C2=C1)(C)C)O)OC",4,Done,8.78,-3.43649,"grid_allosteric",0,-0.336238,-3.43649,-1.18,,-1.51424,-0.37201,0,0,0.0546576,0,0,0,0,0,0,1,-0.0886605,0,-3.43649,-24.6039,-4.48317,-29.0871,0.0990131,-34.549
COc1c(C(C)C)cc2c(=O)cc3c(cc2c1OC)C=CC(=O)C3(C)C,"CC(C)C1=C(C(=C2C=C3C=CC(=O)C(C3=CC(=O)C2=C1)(C)C)OC)OC",5,Done,6.52,-3.04363,"grid_allosteric",0,-0.399399,-3.04363,-1.05852,,-1.65728,-0.325255,0,0,0.396818,0,0,0,0,0,0,1,0,0,-3.04363,-21.769,-5.32533,-27.0943,2.87053,-33.3615
C=C1[C@@H](OC(=O)/C=C/c2ccccc2)C[C@H](OC(C)=O)[C@]2(C)[C@H](OC(C)=O)[C@H](OC(C)=O)C3=C(C)[C@@H](OC(C)=O)C[C@H](C[C@H]12)C3(C)C,"CC1=C2C(C(C3(C(CC(C2(C)C)CC1OC(=O)C)C(=C)C(CC3OC(=O)C)OC(=O)C=CC4=CC=CC=C4)C)OC(=O)C)OC(=O)C",6,Done,85.12,14.1287,"grid_allosteric",0,-0.220157,14.1287,-0.7,,-1.94698,0,16.3614,0,0.569219,0.0856427,0,0,0,0,0,1,-0.0204695,0,14.1287,-29.0399,-2.93543,-31.9754,0,-42.0339
C=C1[C@@H](OC(=O)/C=C\c2ccccc2)C[C@H](OC(C)=O)[C@]2(C)[C@H](OC(C)=O)[C@H](OC(C)=O)C3=C(C)[C@@H](OC(C)=O)C[C@H](C[C@H]12)C3(C)C,"CC1=C2C(C(C3(C(CC(C2(C)C)CC1OC(=O)C)C(=C)C(CC3OC(=O)C)OC(=O)C=CC4=CC=CC=C4)C)OC(=O)C)OC(=O)C",7,Done,33.4,-1.66133,"grid_allosteric",0,-0.180174,-1.66133,-0.306657,,-1.59517,0,0.0186829,0,0.31634,0.0856427,0,0,0,0,0,1,0,0,-1.66133,-21.0989,-2.40232,-23.5012,2.86924,-27.9026
C/C(=C\CC[C@@H](C)[C@H]1CC[C@@]2(C)[C@H]3CC[C@H]4C(C)(C)[C@H](O)CC[C@]45C[C@]35CC[C@@]12C)C(=O)O,"CC(CCC=C(C)C(=O)O)C1CCC2(C1(CCC34C2CCC5C3(C4)CCC(C5(C)C)O)C)C",8,Done,40.43,-3.01713,"grid_allosteric",0,-0.493531,-3.01713,-1.91236,,-1.44664,0,0,0,1.07248,0.206494,-0.275,0,0,0,0,1,-0.168569,0,-3.01713,-18.9487,-6.58041,-25.5291,2.85002,-34.0133
C/C(=C/CC[C@@H](C)[C@H]1CC[C@@]2(C)[C@H]3CC[C@H]4C(C)(C)[C@H](O)CC[C@]45C[C@]35CC[C@@]12C)C(=O)O,"CC(CCC=C(C)C(=O)O)C1CCC2(C1(CCC34C2CCC5C3(C4)CCC(C5(C)C)O)C)C",9,Done,39.94,-2.52699,"grid_allosteric",0,-0.870276,-2.52699,-1.31,,-1.67627,0,0,0,1.70223,0.206494,-0.360429,0,0,0,0,1,-0.21873,0,-2.52699,-21.0762,-11.6037,-32.6799,13.9544,-36.6238
CCOC(=O)c1cc(O)c(O)c(O)c1,"CCOC(=O)C1=CC(=C(C(=C1)O)O)O",10,Done,7.54,-4.80392,"grid_allosteric",0,-0.520027,-4.80392,-2.64342,,-1.37227,-0.5,6.87385e-06,0,0,0.355392,0,0,0,0,0,1,-0.123603,0,-4.80392,-14.5743,-6.93369,-21.508,1.17295,-26.371
COc1ccc2cc3[n+](cc2c1OC)CCc1cc2c(cc1-3)OCO2,"COC1=C(C2=C[N+]3=C(C=C2C=C1)C4=CC5=C(C=C4CC3)OCO5)OC",11,Done,9.47,-3.04205,"grid_allosteric",0,-0.128878,-3.04205,-1.11013,,-1.288,-0.378796,0,0,0.063754,0,-0.2,0,0,0,0,1,0,0,-3.04205,-19.0993,-1.71838,-20.8177,0.0110083,-26.4889
C[C@H]1CC[C@]2(NC1)O[C@H]1C[C@@H]3[C@H]4CC=C5C[C@H](O[C@@H]6O[C@H](CO)[C@H](O[C@@H]7O[C@H](C)[C@H](O)[C@H](O)[C@@H]7O)[C@H](O)[C@@H]6O[C@@H]6O[C@H](C)[C@H](O)[C@H](O)[C@@H]6O)CC[C@]5(C)[C@H]4CC[C@]3(C)[C@H]1[C@@H]2C,"CC1CCC2(C(C3C(O2)CC4C3(CCC5C4CC=C6C5(CCC(C6)OC7C(C(C(C(O7)CO)OC8C(C(C(C(O8)C)O)O)O)O)OC9C(C(C(C(O9)C)O)O)O)C)C)C)NC1",12,Done,154.98,-8.34566,"grid_allosteric",0,-1.50409,-8.34566,-5.57484,,-1.65622,0,0,0,0.387031,0.0874654,0,0,0,0,0,1,-0.0850189,0,-8.34566,-24.8443,-20.0545,-44.8988,8.63956,-60.1516
C[C@H]1CC[C@@H]([C@H](C)[C@H]2[C@@H](O)C[C@H]3[C@H]4CC=C5C[C@H](O[C@@H]6O[C@H](CO)[C@H](O)[C@H](O)[C@@H]6O)CC[C@@]5(C)[C@H]4CC[C@@]32C)NC1,"CC1CCC(NC1)C(C)C2C(CC3C2(CCC4C3CC=C5C4(CCC(C5)OC6C(C(C(C(O6)CO)O)O)O)C)C)O",13,Done,45.92,-4.61474,"grid_allosteric",0,-0.716411,-4.61474,-1.5322,,-2.71514,0,0,0,0.256664,0.0923429,0,0,0,0,0,1,0,0,-4.61474,-26.2429,-9.55214,-35.7951,4.87438,-49.0165
C[C@H]1CC[C@]2(C(=O)O)CC[C@]3(C)C(=CC[C@H]4[C@@]5(C)CC[C@@H](O)C(C)(C)[C@H]5CC[C@]43C)[C@@H]2[C@@H]1C,"CC1CCC2(CCC3(C(=CCC4C3(CCC5C4(CCC(C5(C)C)O)C)C)C2C1C)C)C(=O)O",14,Done,24.81,-2.48734,"grid_allosteric",0,-0.345459,-2.48734,-1.33,,-1.12359,0,0,0,0.270411,0.0412987,0,0,0,0,0,1,0,0,-2.48734,-21.817,-4.60612,-26.4231,0.427736,-31.29
O=c1cc(-c2ccccc2)oc2cc(O)c(O)c(O)c12,"C1=CC=C(C=C1)C2=CC(=O)C3=C(O2)C=C(C(=C3O)O)O",15,Done,8.01,-6.31528,"grid_allosteric",0,-0.592276,-6.31528,-2.88,,-2.44795,-0.5,0,0,0,0.104946,0,0,0,0,0,1,0,0,-6.31528,-20.7734,-7.89701,-28.6704,1.11583,-37.1321
O=C(O)[C@H]1O[C@@H](Oc2cc3oc(-c4ccccc4)cc(=O)c3c(O)c2O)[C@@H](O)[C@@H](O)[C@H]1O,"C1=CC=C(C=C1)C2=CC(=O)C3=C(C(=C(C=C3O2)OC4C(C(C(C(O4)C(=O)O)O)O)O)O)O",16,Done,29.93,-5.97467,"grid_allosteric",0,-1.0531,-5.97467,-3.22432,,-1.99413,-0.0121299,0,0,0.136791,0.17222,0,0,0,0,0,1,0,0,-5.97467,-23.919,-14.0413,-37.9604,2.38678,-52.4065
CO[C@H]1C[C@H](O[C@@H]2[C@@H](OC)[C@H](O)[C@H](O[C@H]3CC[C@@]4(C)C(=CC[C@@H]5C(=O)O[C@@H]6CO[C@]7(C)OC(=O)/C(=C/C[C@H]54)[C@H]67)C3)O[C@@H]2C)O[C@H](C)[C@@H]1O[C@@H]1C[C@H](OC)[C@H](O)[C@H](C)O1,"CC1C(C(CC(O1)OC2C(OC(CC2OC)OC3C(OC(C(C3OC)O)OC4CCC5(C6CC=C7C8C(COC8(OC7=O)C)OC(=O)C6CC=C5C4)C)C)C)OC)O",17,Done,118.52,-4.8446,"grid_allosteric",0,-0.517662,-4.8446,-1.77363,,-2.96127,0,0,0,0.364032,0.0829482,0,0,0,0,0,1,-0.0390176,0,-4.8446,-33.4183,-6.90216,-40.3205,4.81459,-46.1386
CO[C@H]1C[C@H](O[C@@H]2[C@@H](OC)[C@H](O)[C@H](O[C@H]3CC[C@@]4(C)C(=CC[C@@H]5C(=O)O[C@@H]6CO[C@]7(C)OC(=O)/C(=C\C[C@H]54)[C@H]67)C3)O[C@@H]2C)O[C@H](C)[C@@H]1O[C@@H]1C[C@H](OC)[C@H](O)[C@H](C)O1,"CC1C(C(CC(O1)OC2C(OC(CC2OC)OC3C(OC(C(C3OC)O)OC4CCC5(C6CC=C7C8C(COC8(OC7=O)C)OC(=O)C6CC=C5C4)C)C)C)OC)O",18,Done,124.76,-5.21902,"grid_allosteric",0,-0.691594,-5.21902,-1.88854,,-2.97789,0,0,0,0.436742,0.0829482,0,0,0,0,0,1,-0.180686,0,-5.21902,-35.0734,-9.22126,-44.2946,6.54813,-50.0332
COc1cc(O[C@@H]2O[C@H](CO)[C@@H](O)[C@H](O)[C@H]2O[C@H]2O[C@@H](C)[C@H](O)[C@@H](O)[C@H]2O)c2c(c1)C(=O)c1cc(C)cc(O)c1C2=O,"C[C@@H]([C@@H]([C@H]([C@H]1O)O)O)O[C@@H]1O[C@H]([C@H]1O)[C@H](Oc(cc(cc2C(c3cc(C)cc(O)c33)=O)OC)c2C3=O)O[C@H](CO)[C@H]1O",19,Done,72.24,-7.37502,"grid_allosteric",0,-1.02106,-7.37502,-3.84,,-2.95811,0,7.86504e-05,0,0.506961,0.0805759,0,0,0,0,0,1,-0.143466,0,-7.37502,-32.7148,-13.6142,-46.3289,5.36635,-56.5641
CC[C@H](C[C@@H](O)[C@@H](C)[C@H]1CC[C@H]2C3=CC(=O)[C@H]4[C@H](C)[C@@H](OC(=O)c5ccccc5)CC[C@]4(C)[C@H]3CC[C@@]21C)C(C)C,"CC[C@H](C[C@H]([C@@H](C)[C@H]1CC[C@@H]2[C@@]1(CC[C@H]3C2=CC(=O)[C@@H]4[C@@]3(CC[C@@H]([C@H]4C)OC(=O)C5=CC=CC=C5)C)C)O)C(C)C",20,Done,87.13,-3.26358,"grid_allosteric",0,-0.203144,-3.26358,-0.642691,,-2.49612,0,0.0659664,0,0.0384269,0.16166,-0.172775,0,0,0,0,1,-0.0149018,0,-3.26358,-24.8965,-2.70859,-27.6051,6.43542,-44.1926
C[C@H]1CC[C@@]2(NC1)O[C@@H]1C[C@@H]3[C@H]4CC=C5C[C@H](O[C@@H]6O[C@H](CO)[C@H](O[C@@H]7O[C@H](C)[C@H](O)[C@H](O)[C@@H]7O)[C@H](O)[C@@H]6O)CC[C@@]5(C)[C@H]4CC[C@]3(C)[C@H]1[C@@H]2C,"CC1CCC2(C(C3C(O2)CC4C3(CCC5C4CC=C6C5(CCC(C6)OC7C(C(C(C(O7)CO)OC8C(C(C(C(O8)C)O)O)O)O)O)C)C)C)NC1",21,Done,111.82,-7.01311,"grid_allosteric",0,-0.79482,-7.01311,-4.40289,,-2.3745,0,0,0,0.577821,0.00993888,0,0,0,0,0,1,-0.0286617,0,-7.01311,-30.6721,-10.5976,-41.2697,1.88911,-44.8552
C[C@H]1[C@H]2[C@H](C[C@H]3[C@@H]4CC=C5C[C@@H](O)CC[C@]5(C)[C@H]4CC[C@@]32C)O[C@]12CC[C@@H](C)CN2,"C[C@@H]1CC[C@@]2([C@H]([C@H]3[C@@H](O2)C[C@@H]4[C@@]3(CC[C@H]5[C@H]4CC=C6[C@@]5(CC[C@@H](C6)O)C)C)C)NC1",22,Done,10.74,-2.48392,"grid_allosteric",0,-0.281403,-2.48392,-0.7,,-1.55139,-0.121214,0,0,0.177803,0,0,0,0,0,0,1,-0.00770777,0,-2.48392,-21.4978,-3.75204,-25.2498,0,-30.3437
c1c2c(cc3c1OCO3)-c1cc3ccc4c(c3c[n+]1CC2)OCO4,"C1C[N+]2=C(C=C3C=CC4=C(C3=C2)OCO4)C5=CC6=C(C=C51)OCO6",23,Done,3.45,-2.83421,"grid_allosteric",0,-0.381541,-2.83421,-0.35,,-1.49973,-0.432271,0,0,0.15196,0,-0.16038,0,0,0,0,1,-0.162249,0,-2.83421,-21.4204,-5.08721,-26.5076,0,-34.5677
COc1ccc(C(C)=O)c(O)c1,"CC(=O)C1=C(C=C(C=C1)OC)O",24,Done,6.11,-3.93959,"grid_allosteric",0,-0.516492,-3.93959,-1.97984,,-0.944284,-0.5,0.00101929,0,0,0,0,0,0,0,0,1,0,0,-3.93959,-13.0406,-6.88656,-19.9271,3.89584,-23.3184
O=C(O)c1cc(O)c(O)c(O)c1,"C1=C(C=C(C(=C1O)O)O)C(=O)O",25,Done,14.5,-5.55983,"grid_allosteric",0,-0.826089,-5.55983,-3.23466,,-1.22758,-0.5,0,0,0,0.228496,0,0,0,0,0,1,0,0,-5.55983,-13.3489,-11.0145,-24.3635,1.55944,-28.7213
CCOC(=O)c1cc(O)c(O)c(O)c1,"CCOC(=O)C1=CC(=C(C(=C1)O)O)O",26,Done,7.69,-4.80392,"grid_allosteric",0,-0.520027,-4.80392,-2.64342,,-1.37227,-0.5,6.87385e-06,0,0,0.355392,0,0,0,0,0,1,-0.123603,0,-4.80392,-14.5743,-6.93369,-21.508,1.17295,-26.371
CC[C@H](/C=C/[C@@H](C)[C@H]1CC[C@H]2[C@@H]3CC=C4C[C@@H](O)CC[C@]4(C)[C@H]3CC[C@@]21C)C(C)C,"CC[C@H](/C=C/[C@@H](C)[C@H]1CC[C@@H]2[C@@]1(CC[C@H]3[C@H]2CC=C4[C@@]3(CC[C@@H](C4)O)C)C)C(C)C",27,Done,41.48,-3.40468,"grid_allosteric",0,-0.118709,-3.40468,-0.7,,-2.62796,-0.124364,0,0,0.0174796,0.148878,0,0,0,0,0,1,0,0,-3.40468,-23.3572,-1.58279,-24.94,4.17566,-27.426
CO[C@H]1C=C[C@]23c4cc5c(cc4CN(C[C@@H]2O)[C@@H]3C1)OCO5,"CO[C@@H]1C[C@@H]2[C@]3(C=C1)[C@H](CN2CC4=CC5=C(C=C34)OCO5)O",28,Done,9.02,-2.86693,"grid_allosteric",0,-0.476988,-2.86693,-1.31587,,-0.669939,-0.495543,0,0,0.341405,0,-0.25,0,0,0,0,1,0,0,-2.86693,-14.3436,-6.35984,-20.7035,0.367544,-25.5377
Oc1ccc(/C=C/c2cc(O)cc(O)c2)cc1,"C1=CC(=CC=C1/C=C/C2=CC(=CC(=C2)O)O)O",29,Done,12.6,-3.15668,"grid_allosteric",0,-0.236787,-3.15668,-0.870917,,-1.75019,-0.5,0,0,0.195921,0.280302,-0.275,0,0,0,0,1,0,0,-3.15668,-18.1396,-3.15717,-21.2967,2.21901,-25.1702
COc1cc(O)cc(/C=C/c2ccc(O)c(OC)c2OC)c1,"COC1=CC(=CC(=C1)O)/C=C/C2=C(C(=C(C=C2)O)OC)OC",30,Done,20.29,-3.37243,"grid_allosteric",0,-0.373703,-3.37243,-1.48164,,-1.62824,-0.492261,5.92215e-09,0,0.430757,0.172654,0,0,0,0,0,1,0,0,-3.37243,-20.3332,-4.9827,-25.3159,0,-32.2632
COc1cc(O)cc(/C=C/c2cccc(O)c2OC)c1,"COC1=CC(=CC(=C1)O)/C=C/C2=C(C(=CC=C2)O)OC",31,Done,18.52,-4.14845,"grid_allosteric",0,-0.767756,-4.14845,-2.20005,,-1.0687,-0.5,1.03319e-05,0,0.180895,0.207152,0,0,0,0,0,1,0,0,-4.14845,-15.4159,-10.2367,-25.6526,1.36238,-33.0135
COc1cc(O)cc(/C=C/c2cccc(OC)c2OC)c1,"COC1=CC=CC(=C1OC)/C=C/C2=CC(=CC(=C2)OC)O",32,Done,13.13,-3.04244,"grid_allosteric",0,-0.281641,-3.04244,-0.85401,,-1.47793,-0.5,0.00150957,0,0,0.189852,-0.120218,0,0,0,0,1,0,0,-3.04244,-21.7985,-3.75522,-25.5537,7.52129,-30.2997
Oc1cccc(/C=C/c2cc(O)cc(O)c2)c1,"C1=CC(=CC(=C1)O)/C=C/C2=CC(=CC(=C2)O)O",33,Done,18.54,-3.22388,"grid_allosteric",0,-0.447961,-3.22388,-1.00134,,-1.57689,-0.5,0,0,0.203521,0.280302,-0.181512,0,0,0,0,1,0,0,-3.22388,-15.7139,-5.97282,-21.6867,2.59587,-25.3636
O=C1C=C[C@@H](CO[C@@H]2O[C@H](CO)[C@@H](O)[C@H](O)[C@H]2O)O1,"C1=CC(=O)O[C@@H]1CO[C@H]2[C@@H]([C@H]([C@@H]([C@H](O2)CO)O)O)O",34,Done,51.05,-5.9956,"grid_allosteric",0,-1.34962,-5.9956,-4.03132,,-0.599831,-0.5,0,0,0.237374,0.404108,-0.139102,0,0,0,0,1,-0.0172053,0,-5.9956,-9.85919,-17.9949,-27.8541,2.03225,-36.3781
O=C(/C=C/c1ccc(O)cc1)c1ccc(O)cc1O,"C1=CC(=CC=C1/C=C/C(=O)C2=C(C=C(C=C2)O)O)O",35,Done,26.64,-3.70109,"grid_allosteric",0,-0.929412,-3.70109,-1.33046,,-1.17695,-0.5,0,0,0.402089,0.34505,-0.413658,0,0,0,0,1,-0.0977553,0,-3.70109,-18.1873,-12.3922,-30.5794,7.73644,-29.7489
c1ccc2c(c1)C[C@@H]1NCCc3cc4c(c-2c31)OCO4,"C1CN[C@H]2CC3=CC=CC=C3C4=C2C1=CC5=C4OCO5",36,Done,3.13,-3.08301,"grid_allosteric",0,-0.244528,-3.08301,-0.919804,,-1.60197,-0.5,0,0,0.183297,0,0,0,0,0,0,1,0,0,-3.08301,-18.5288,-3.26038,-21.7892,0,-27.7266
COc1ccc2c(c1O)-c1nccc(C)c1C2=O,"CC1=C2C(=NC=C1)C3=C(C2=O)C=CC(=C3O)OC",37,Done,4.26,-3.44347,"grid_allosteric",0,-0.456763,-3.44347,-1.17627,,-1.27082,-0.5,0,0,0,0,0,0,0,0,0,1,-0.0396191,0,-3.44347,-19.1862,-6.09018,-25.2764,0.341992,-31.4243
C=C1C(=O)O[C@H]2[C@H]1CC/C(C)=C/CC[C@@]1(C)O[C@@H]21,"C/C/1=C\CC[C@@]2([C@@H](O2)[C@@H]3[C@@H](CC1)C(=C)C(=O)O3)C",38,Done,3.09,-3.2317,"grid_allosteric",0,-0.395159,-3.2317,-0.98684,,-1.43006,-0.5,0,0,0.0803502,0,0,0,0,0,0,1,0,0,-3.2317,-17.8244,-5.26879,-23.0932,0,-28.761
C[C@H]1O[C@@H](O[C@H]2CC[C@@]3(C)[C@@H](CC[C@]4(C)[C@@H]3C=CC3=C5CC(C)(C)CC[C@]5(CO)[C@H](O)C[C@@]34C)[C@]2(C)CO)[C@H](O)[C@@H](O[C@@H]2O[C@H](CO)[C@@H](O)[C@H](O)[C@@H]2O)[C@H]1O,"C[C@@H]1[C@@H]([C@@H]([C@H]([C@@H](O1)O[C@H]2CC[C@]3([C@H]([C@]2(C)CO)CC[C@@]4([C@@H]3C=CC5=C6CC(CC[C@@]6([C@@H](C[C@@]54C)O)CO)(C)C)C)C)O)O[C@H]7[C@H]([C@H]([C@@H]([C@H](O7)CO)O)O)O)O",39,Done,213.13,-5.78212,"grid_allosteric",0,-1.14608,-5.78212,-3.29779,,-2.08611,0,0,0,0.938395,0.0210658,0,0,0,0,0,1,-0.21161,0,-5.78212,-26.6789,-15.281,-41.9599,4.20081,-55.6006
O=C1C=C[C@@H]2O[C@H](c3ccccc3)[C@@H](O)[C@@H]2O1,"C1=CC=C(C=C1)[C@@H]2[C@H]([C@H]3[C@@H](O2)C=CC(=O)O3)O",40,Done,13.42,-4.3031,"grid_allosteric",0,-0.568101,-4.3031,-1.8122,,-1.49035,-0.5,0,0,0.199788,0.13609,-0.268325,0,0,0,0,1,0,0,-4.3031,-19.573,-7.57468,-27.1477,0.420086,-31.7063
O=C1C=CC[C@@H](/C=C/c2ccccc2)O1,"C1C=CC(=O)O[C@@H]1/C=C/C2=CC=CC=C2",41,Done,15.17,-2.64299,"grid_allosteric",0,-0.360457,-2.64299,-1.27257,,-0.962717,-0.5,0,0,0.10343,0.349321,0,0,0,0,0,1,0,0,-2.64299,-13.3863,-4.8061,-18.1924,8.16076,-19.5564
C[C@H]1CC[C@@]2(OC1)O[C@H]1C[C@H]3[C@@H]4CC[C@@H]5C[C@@H](O[C@@H]6O[C@H](CO)[C@@H](O[C@@H]7OC[C@@H](O)[C@H](O)[C@H]7O)[C@H](O)[C@H]6O)CC[C@]5(C)[C@H]4CC[C@]3(C)[C@H]1[C@@H]2C,"C[C@H]1CC[C@@]2([C@H]([C@H]3[C@@H](O2)C[C@@H]4[C@@]3(CC[C@H]5[C@H]4CC[C@H]6[C@@]5(CC[C@@H](C6)O[C@H]7[C@@H]([C@H]([C@@H]([C@H](O7)CO)O[C@H]8[C@@H]([C@H]([C@@H](CO8)O)O)O)O)O)C)C)C)OC1",42,Done,103.84,-5.08633,"grid_allosteric",0,-0.660888,-5.08633,-2.66498,,-2.01982,0,0,0,0.316085,0.014247,0,0,0,0,0,1,-0.0709795,0,-5.08633,-24.6949,-8.81184,-33.5068,3.88568,-40.2244
C[C@H]1CC[C@@]2(OC1)O[C@H]1C[C@H]3[C@@H]4CC[C@@H]5C[C@@H](O[C@@H]6O[C@H](CO)[C@@H](O)[C@H](O)[C@H]6O[C@@H]6O[C@H](CO)[C@@H](O)[C@H](O)[C@H]6O)CC[C@]5(C)[C@H]4CC[C@]3(C)[C@H]1[C@@H]2C,"C[C@H]1CC[C@@]2([C@H]([C@H]3[C@@H](O2)C[C@@H]4[C@@]3(CC[C@H]5[C@H]4CC[C@H]6[C@@]5(CC[C@@H](C6)O[C@H]7[C@@H]([C@H]([C@@H]([C@H](O7)CO)O)O)O[C@H]8[C@@H]([C@H]([C@@H]([C@H](O8)CO)O)O)O)C)C)C)OC1",43,Done,143.97,-5.8411,"grid_allosteric",0,-0.578125,-5.8411,-2.88,,-2.61007,0,0,0,0.353881,0.0199138,0,0,0,0,0,1,-0.146704,0,-5.8411,-27.9006,-7.70833,-35.6089,8.70955,-48.2736
C[C@H]1CC[C@@]2(OC1)O[C@H]1C[C@H]3[C@@H]4CC[C@@H]5C[C@@H](O[C@@H]6O[C@H](CO)[C@@H](O)[C@H](O)[C@H]6O[C@@H]6O[C@H](CO)[C@@H](O[C@@H]7OC[C@@H](O)[C@H](O)[C@H]7O)[C@H](O)[C@H]6O)CC[C@]5(C)[C@H]4CC[C@]3(C)[C@H]1[C@@H]2C,"C[C@H]1CC[C@@]2([C@H]([C@H]3[C@@H](O2)C[C@@H]4[C@@]3(CC[C@H]5[C@H]4CC[C@H]6[C@@]5(CC[C@@H](C6)O[C@H]7[C@@H]([C@H]([C@@H]([C@H](O7)CO)O)O)O[C@H]8[C@@H]([C@H]([C@@H]([C@H](O8)CO)O[C@H]9[C@@H]([C@H]([C@@H](CO9)O)O)O)O)O)C)C)C)OC1",44,Done,176.94,-8.09521,"grid_allosteric",0,-0.867841,-8.09521,-4.45696,,-2.74824,0,0,0,0.2027,0.00666662,0,0,0,0,0,1,-0.231538,0,-8.09521,-31.8342,-11.5712,-43.4054,6.73969,-58.3115
C=C[C@H](/C=C/c1ccc(O)cc1)c1ccc(O)cc1,"C=C[C@H](/C=C/C1=CC=C(C=C1)O)C2=CC=C(C=C2)O",45,Done,32.6,-3.09179,"grid_allosteric",0,-0.919551,-3.09179,-1.33,,-0.894457,-0.5,0,0,0.415953,0.472494,-0.336234,0,0,0,0,1,0,0,-3.09179,-15.7067,-12.2607,-27.9674,1.3996,-34.7699
C=C[C@@H](/C=C/c1ccc(O)cc1)c1ccc(O)c(OC)c1,"COC1=C(C=CC(=C1)[C@@H](C=C)/C=C/C2=CC=C(C=C2)O)O",46,Done,41.78,-5.52459,"grid_allosteric",0,-0.723624,-5.52459,-2.54977,,-2.41467,-0.5,0,0,0.274381,0.389085,0,0,0,0,0,1,0,0,-5.52459,-19.23,-9.64832,-28.8783,4.49038,-36.3584
C/C1=C\CCC2=C[C@H](C/C(C)=C/CC1)OC2=O,"C/C/1=C\CCC2=C[C@H](C/C(=C/CC1)/C)OC2=O",47,Done,2.96,-2.83367,"grid_allosteric",0,-0.352604,-2.83367,-1.05,,-1.22605,-0.5,0,0,0.294982,0,0,0,0,0,0,1,0,0,-2.83367,-16.5064,-4.70139,-21.2078,0,-25.677
CC(=O)OC[C@]1(O)[C@@H](O)[C@@]23[C@@H](CC[C@@H]1[C@H]2O)[C@]12CCCC(C)(C)[C@H]1[C@H](OC(C)=O)[C@@]3(O)OC2,"CC(=O)OC[C@]1([C@@H]2CC[C@H]3[C@]45CCCC([C@H]4[C@@H]([C@]([C@@]3([C@@H]1O)C2O)(OC5)O)OC(=O)C)(C)C)O",48,Done,63.96,-3.99866,"grid_allosteric",0,-0.761859,-3.99866,-2.43733,,-1.03041,0,9.69754e-08,0,0.338587,0.118252,-0.225893,0,0,0,0,1,0,0,-3.99866,-20.3321,-10.1581,-30.4902,0,-37.83
CC[C@H](CC[C@@H](C)[C@H]1CC[C@H]2[C@@H]3CC=C4C[C@@H](O)CC[C@]4(C)[C@H]3CC[C@@]21C)C(C)C,"CC[C@H](CC[C@@H](C)[C@H]1CC[C@@H]2[C@@]1(CC[C@H]3[C@H]2CC=C4[C@@]3(CC[C@@H](C4)O)C)C)C(C)C",49,Done,42.45,-2.66081,"grid_allosteric",0,0.0193,-2.66081,0,,-2.8548,-0.117644,0,0,0.262168,0.196765,-0.166601,0,0,0,0,1,0,0,-2.66081,-24.6357,0.257333,-24.3783,5.20548,-28.6225
CCCCCCCCCCCCCCCCCCCCCCCCCCCCCCCCCc1ccc(OCCC(=O)O)cc1,"CCCCCCCCCCCCCCCCCCCCCCCCCCCCCCCCCC1=CC=C(C=C1)OCCC(=O)O",50,Done,149.76,-0.312551,"grid_allosteric",0,-0.641328,-0.312551,-1.34299,,-3.30317,0,0.00246791,0,4.32953,0.742241,0,0,0,0,0,1,-0.0993045,0,-0.312551,-32.479,-8.55103,-41.0301,14.4978,-35.7796
C=C[C@@](C)(O)CC[C@@H]1[C@@]2(C)CCCC(C)(C)[C@@H]2CC[C@@]1(C)O,"C[C@]12CCCC([C@@H]1CC[C@@]([C@@H]2CC[C@@](C)(C=C)O)(C)O)(C)C",51,Done,26.92,-2.59685,"grid_allosteric",0,-0.425022,-2.59685,-1.25824,,-0.889474,-0.471671,0,0,0.364281,0.333277,-0.25,0,0,0,0,1,0,0,-2.59685,-12.5579,-5.66696,-18.2249,1.27249,-24.7283
COc1cc(O)cc(OC(C)=O)c1,"CC(=O)OC1=CC(=CC(=C1)OC)O",52,Done,19.28,-0.782575,"grid_allosteric",0,-0.568072,-0.782575,-2.02973,,-0.621279,-0.5,2.72415,0,0.00809153,0.204263,0,0,0,0,0,1,0,0,-0.782575,-14.199,-7.57429,-21.7733,0,-28.3215
CC[C@H](CC[C@@H](C)[C@H]1CC[C@H]2[C@@H]3CCC4=CC(=O)CC[C@]4(C)[C@H]3CC[C@@]21C)C(C)C,"CC[C@H](CC[C@@H](C)[C@H]1CC[C@@H]2[C@@]1(CC[C@H]3[C@H]2CCC4=CC(=O)CC[C@]34C)C)C(C)C",53,Done,41.32,-2.45746,"grid_allosteric",0,-0.271835,-2.45746,-0.7,,-1.72599,-0.124364,0,0,0.166224,0.198504,0,0,0,0,0,1,0,0,-2.45746,-18.5987,-3.62446,-22.2232,1.3809,-27.8344
CC1=C[C@@H](O)C(C)(C)C=CC1=O,"CC1=CC(C(C=CC1=O)(C)C)O",54,Done,4.1,-2.65266,"grid_allosteric",0,-0.323048,-2.65266,-1.05,,-0.898957,-0.5,0,0,0.119343,0,0,0,0,0,0,1,0,0,-2.65266,-14.3235,-4.3073,-18.6308,0.471597,-20.4938
COCC1=C/[C@@H]2OC(=O)[C@H](C)[C@]2(O)[C@@H](OC(C)=O)[C@H]2[C@@](C)([C@@H](OC(C)=O)/C=C/1)[C@@H](OC(C)=O)[C@@H](OC(C)=O)[C@@H](OC(C)=O)[C@]21CO1,"C[C@H]1C(=O)O[C@@H]/2[C@]1([C@H]([C@H]3[C@@]([C@H](/C=C/C(=C2)/COC)OC(=O)C)([C@H]([C@H]([C@H]([C@]34CO4)OC(=O)C)OC(=O)C)OC(=O)C)C)OC(=O)C)O",55,Done,119.27,-3.00231,"grid_allosteric",0,-0.0867974,-3.00231,-0.980739,,-1.74624,0,2.79065e-06,0,0.103102,0.0629994,-0.257664,0,0,0,0,1,-0.0969758,0,-3.00231,-29.062,-1.1573,-30.2193,6.92945,-37.5256
CC(=O)O[C@H]1C[C@@]23C(=C1C)[C@@](O)(C(=O)OC2(C)C)[C@]1(C)[C@@H](O)C[C@H]2OC[C@@]2(OC(C)=O)[C@@H]1[C@@H]3OC(=O)c1ccccc1,"CC1=C2[C@@]3(C[C@@H]1OC(=O)C)[C@H]([C@@H]4[C@]([C@@]2(C(=O)OC3(C)C)O)([C@H](C[C@@H]5[C@]4(CO5)OC(=O)C)O)C)OC(=O)C6=CC=CC=C6",56,Done,108.87,-3.29796,"grid_allosteric",0,-0.325269,-3.29796,-2.2268,,-1.16935,0,0.00726066,0,0.329418,0.0867791,0,0,0,0,0,1,0,0,-3.29796,-24.8692,-4.33692,-29.2062,6.33298,-36.6041
CC(=O)O[C@H]1C(=O)[C@]2(C)[C@@H](O)C[C@H]3OC[C@@]3(OC(C)=O)[C@H]2[C@H](OC(=O)c2ccccc2)[C@]2(O)C[C@H](OC(=O)[C@H](O)[C@@H](NC(=O)c3ccccc3)c3ccccc3)C(C)=C1C2(C)C,"CC1=C2[C@H](C(=O)[C@@]3([C@H](C[C@@H]4[C@]([C@H]3[C@@H]([C@@](C2(C)C)(C[C@@H]1OC(=O)[C@@H]([C@H](C5=CC=CC=C5)NC(=O)C6=CC=CC=C6)O)O)OC(=O)C7=CC=CC=C7)(CO4)OC(=O)C)O)C)OC(=O)C",57,Done,294.96,-4.87796,"grid_allosteric",0,-1.02605,-4.87796,-2.49291,,-2.05666,0,0.00141176,0,0.684988,0.0505554,0,0,0,0,0,1,-0.0392925,0,-4.87796,-31.1741,-13.6807,-44.8547,6.77653,-57.538
CC(=O)O[C@H]1[C@@H]2[C@]3(OC(C)=O)CO[C@@H]3C[C@H](O)[C@@]2(C)[C@@H](O)[C@H](O)C2=C(C)[C@@H](O)C[C@]21C(C)(C)O,"CC1=C2[C@H]([C@@H]([C@@]3([C@H](C[C@@H]4[C@]([C@H]3[C@@H]([C@@]2(C[C@@H]1O)C(C)(C)O)OC(=O)C)(CO4)OC(=O)C)O)C)O)O",58,Done,72.07,0.0112522,"grid_allosteric",0,-0.791802,0.0112522,-2.10503,,-1.34867,0,4.00118,0,0.144366,0.111217,0,0,0,0,0,1,0,0,0.0112522,-20.7082,-10.5574,-31.2656,8.23544,-38.3468
CC(=O)O[C@@]12CO[C@@H]1C[C@H](O)[C@]1(C)[C@@H]2[C@H](OC(=O)c2ccccc2)[C@]23C[C@H](O)C(C)=C2[C@@]1(O)C(=O)OC3(C)C,"CC1=C2[C@@]3(C[C@@H]1O)[C@H]([C@H]4[C@]([C@@]2(C(=O)OC3(C)C)O)([C@H](C[C@@H]5[C@]4(CO5)OC(=O)C)O)C)OC(=O)C6=CC=CC=C6",59,Done,56.04,-4.62536,"grid_allosteric",0,-0.887263,-4.62536,-2.7852,,-1.34281,0,1.72535e-07,0,0.269441,0.120467,0,0,0,0,0,1,0,0,-4.62536,-19.7509,-11.8302,-31.5811,0.815868,-41.8186
C[C@@H]1O[C@@H](O[C@H]2[C@H](O[C@H]3CC[C@@]4(C)[C@@H](CC[C@]5(C)[C@@H]4CC=C4[C@@H]6CC(C)(C)CC[C@]6(C(=O)O)CC[C@]45C)[C@]3(C)CO)OC[C@H](O)[C@@H]2O)[C@H](O)[C@H](O)[C@H]1O,"C[C@H]1[C@@H]([C@H]([C@H]([C@@H](O1)O[C@@H]2[C@H]([C@H](CO[C@H]2O[C@H]3CC[C@]4([C@H]([C@]3(C)CO)CC[C@@]5([C@@H]4CC=C6[C@]5(CC[C@@]7([C@H]6CC(CC7)(C)C)C(=O)O)C)C)C)O)O)O)O)O",60,Done,169.39,-5.80757,"grid_allosteric",0,-1.04982,-5.80757,-3.89307,,-1.14287,0,0,0,0.262068,0.0161171,0,0,0,0,0,1,0,0,-5.80757,-19.7667,-13.9976,-33.7643,0,-45.0069
COC(C)(C)/C=C/[C@H](O)[C@@](C)(O)[C@H]1CC[C@]2(C)[C@@H]1CC[C@@H]1[C@@]3(C)CC[C@H](O[C@@H]4O[C@H](CO)[C@@H](O)[C@H](O)[C@H]4O[C@@H]4O[C@@H](C)[C@H](O)[C@@H](O)[C@H]4O)C(C)(C)[C@@H]3C[C@H](O)[C@]12C,"C[C@H]1[C@@H]([C@H]([C@H]([C@@H](O1)O[C@@H]2[C@H]([C@@H]([C@H](O[C@H]2O[C@H]3CC[C@@]4([C@H]5CC[C@@H]6[C@H](CC[C@]6([C@@]5([C@H](C[C@H]4C3(C)C)O)C)C)[C@@](C)(C(/C=C/C(C)(C)OC)O)O)C)CO)O)O)O)O)O",61,Done,271.78,-7.73317,"grid_allosteric",0,-1.02631,-7.73317,-3.86516,,-3.05548,0,0,0,0.312386,0.0380022,0,0,0,0,0,1,-0.136614,0,-7.73317,-32.3275,-13.6841,-46.0116,6.09792,-57.2287
CC(=O)O[C@H]1CO[C@@H](O[C@@H]2[C@@H](O)[C@H](C)O[C@@H](O[C@H]3[C@@H](O[C@H]4CC[C@]5(C)[C@@H](CC[C@]6(C)[C@@H]5CC=C5[C@@H]7CC(C)(C)CC[C@]7(C(=O)O)CC[C@]56C)[C@]4(C)CO)OC[C@@H](O)[C@H]3O)[C@@H]2O)[C@H](O)[C@H]1OC(C)=O,"C1[C@@H]([C@@]([C@H]2[C@@](C1)([C@@H]1[C@@](CC2)([C@]2(C(=CC1)[C@H]1[C@@](CC2)(CCC(C1)(C)C)C(=O)O)C)C)C)(C)CO)O[C@H]1OC[C@H]([C@H]([C@H]1O[C@H]1[C@@H]([C@@H]([C@H]([C@@H](O1)C)O)O[C@H]1[C@@H]([C@H]([C@H](CO1)OC(=O)C)OC(=O)C)O)O)O)O",62,Done,329.34,-6.24973,"grid_allosteric",0,-0.581536,-6.24973,-2.87313,,-3.21164,0,0.000190397,0,0.777517,0.00668539,0,0,0,0,0,1,-0.367817,0,-6.24973,-32.0731,-7.75381,-39.8269,9.2653,-48.6311
C[C@@H]1O[C@@H](O[C@H]2[C@H](O[C@H]3CC[C@@]4(C)[C@@H](CC[C@]5(C)[C@@H]4CC=C4[C@@H]6CC(C)(C)CC[C@]6(C(=O)O)CC[C@]45C)[C@]3(C)CO)OC[C@H](O)[C@@H]2O)[C@H](O)[C@H](O[C@@H]2OC[C@@H](O)[C@H](O)[C@H]2O)[C@H]1O,"C[C@H]1[C@@H]([C@H]([C@H]([C@@H](O1)O[C@@H]2[C@H]([C@H](CO[C@H]2O[C@H]3CC[C@]4([C@H]([C@]3(C)CO)CC[C@@]5([C@@H]4CC=C6[C@]5(CC[C@@]7([C@H]6CC(CC7)(C)C)C(=O)O)C)C)C)O)O)O)O[C@H]8[C@@H]([C@H]([C@@H](CO8)O)O)O)O",63,Done,337.64,-8.3975,"grid_allosteric",0,-1.40891,-8.3975,-4.91385,,-1.98319,0,0,0,0.163997,0.00409536,0,0,0,0,0,1,-0.259639,0,-8.3975,-31.4212,-18.7854,-50.2066,11.4249,-61.492
CC(C)=CC[C@H](O)[C@@](C)(O)[C@H]1CC[C@]2(C)[C@@H]1CC[C@@H]1[C@@]3(C)CC[C@H](O[C@@H]4O[C@H](CO)[C@@H](O)[C@H](O)[C@H]4O[C@@H]4O[C@@H](C)[C@H](O)[C@@H](O)[C@H]4O)C(C)(C)[C@@H]3C[C@H](O)[C@]12C,"C[C@H]1[C@@H]([C@H]([C@H]([C@@H](O1)O[C@@H]2[C@H]([C@@H]([C@H](O[C@H]2O[C@H]3CC[C@@]4([C@H]5CC[C@@H]6[C@H](CC[C@]6([C@@]5([C@H](C[C@H]4C3(C)C)O)C)C)[C@@](C)(C(CC=C(C)C)O)O)C)CO)O)O)O)O)O",64,Done,238.19,-6.45628,"grid_allosteric",0,-0.962447,-6.45628,-3.51,,-2.4061,0,0,0,0.374161,0.0498702,0,0,0,0,0,1,-0.00176036,0,-6.45628,-28.1376,-12.8326,-40.9702,12.9793,-49.5586
COC(C)(C)/C=C/[C@H](O)[C@@](C)(O)[C@H]1CC[C@]2(C)[C@@H]1CC[C@@H]1[C@@]3(C)CC[C@H](O[C@@H]4O[C@H](CO)[C@@H](O)[C@H](O)[C@H]4O[C@@H]4O[C@@H](C)[C@H](O)[C@@H](O)[C@H]4O)C(C)(C)[C@@H]3C[C@H](O)[C@]12C,"C[C@H]1[C@@H]([C@H]([C@H]([C@@H](O1)O[C@@H]2[C@H]([C@@H]([C@H](O[C@H]2O[C@H]3CC[C@@]4([C@H]5CC[C@@H]6[C@H](CC[C@]6([C@@]5([C@H](C[C@H]4C3(C)C)O)C)C)[C@@](C)(C(/C=C/C(C)(C)OC)O)O)C)CO)O)O)O)O)O",65,Done,293.89,-7.73317,"grid_allosteric",0,-1.02631,-7.73317,-3.86516,,-3.05548,0,0,0,0.312386,0.0380022,0,0,0,0,0,1,-0.136614,0,-7.73317,-32.3275,-13.6841,-46.0116,6.09792,-57.2287
CC(=O)O[C@H]1[C@@H](O)CO[C@@H](O[C@@H]2[C@@H](O)[C@H](C)O[C@@H](O[C@H]3[C@H](O[C@H]4CC[C@@]5(C)[C@@H](CC[C@]6(C)[C@@H]5CC=C5[C@@H]7CC(C)(C)CC[C@]7(C(=O)O)CC[C@]56C)[C@]4(C)CO)O[C@@H](C)[C@H](O)[C@H]3O)[C@@H]2O)[C@@H]1O,"C[C@H]1[C@@H]([C@H]([C@H]([C@@H](O1)O[C@H]2CC[C@]3([C@H]([C@]2(C)CO)CC[C@@]4([C@@H]3CC=C5[C@]4(CC[C@@]6([C@H]5CC(CC6)(C)C)C(=O)O)C)C)C)O[C@H]7[C@@H]([C@@H]([C@H]([C@@H](O7)C)O)O[C@H]8[C@@H]([C@H]([C@H](CO8)O)OC(=O)C)O)O)O)O",66,Done,297.28,-6.56744,"grid_allosteric",0,-1.02973,-6.56744,-3.95833,,-1.95742,0,0.000158337,0,0.401007,0.00233837,0,0,0,0,0,1,-0.0254655,0,-6.56744,-29.3071,-13.7297,-43.0368,0,-60.2934
CC(=O)O[C@H]1CO[C@@H](O[C@@H]2[C@@H](O)[C@H](C)O[C@@H](O[C@H]3[C@H](O[C@H]4CC[C@@]5(C)[C@@H](CC[C@]6(C)[C@@H]5CC=C5[C@@H]7CC(C)(C)CC[C@]7(C(=O)O)CC[C@]56C)[C@]4(C)CO)O[C@@H](C)[C@H](O)[C@H]3O)[C@@H]2O)[C@H](O)[C@H]1O,"C[C@H]1[C@@H]([C@H]([C@H]([C@@H](O1)O[C@H]2CC[C@]3([C@H]([C@]2(C)CO)CC[C@@]4([C@@H]3CC=C5[C@]4(CC[C@@]6([C@H]5CC(CC6)(C)C)C(=O)O)C)C)C)O[C@H]7[C@@H]([C@@H]([C@H]([C@@H](O7)C)O)O[C@H]8[C@@H]([C@H]([C@H](CO8)OC(=O)C)O)O)O)O)O",67,Done,311.28,-7.51061,"grid_allosteric",0,-0.868402,-7.51061,-3.76861,,-3.09264,0,0.00815989,0,0.261123,0.00233837,0,0,0,0,0,1,-0.0525853,0,-7.51061,-38.1985,-11.5787,-49.7772,9.00669,-63.7854
CC(=O)O[C@H]1[C@H](O)CO[C@@H](O[C@@H]2[C@@H](O)[C@H](C)O[C@@H](O[C@H]3[C@H](O[C@H]4CC[C@@]5(C)[C@@H](CC[C@]6(C)[C@@H]5CC=C5[C@@H]7CC(C)(C)CC[C@]7(C(=O)O)CC[C@]56C)[C@]4(C)CO)O[C@@H](C)[C@H](O)[C@H]3O)[C@@H]2O)[C@@H]1OC(C)=O,"C[C@H]1[C@@H]([C@H]([C@H]([C@@H](O1)O[C@H]2CC[C@]3([C@H]([C@]2(C)CO)CC[C@@]4([C@@H]3CC=C5[C@]4(CC[C@@]6([C@H]5CC(CC6)(C)C)C(=O)O)C)C)C)O[C@H]7[C@@H]([C@@H]([C@H]([C@@H](O7)C)O)O[C@H]8[C@@H]([C@H]([C@@H](CO8)O)OC(=O)C)OC(=O)C)O)O)O",68,Done,356.5,-5.2105,"grid_allosteric",0,-0.86432,-5.2105,-3.24193,,-2.72921,0,0.00244909,0,1.61953,0.0037276,0,0,0,0,0,1,-0.000751475,0,-5.2105,-34.6314,-11.5243,-46.1557,6.41625,-56.5196
COC1=C[C@]23CCN(C)[C@H](Cc4cc(OC)c(O)cc42)C3=CC1=O,"CN1CC[C@]23C=C(C(=O)C=C2[C@H]1CC4=CC(=C(C=C34)O)OC)OC",69,Done,12.68,-3.99011,"grid_allosteric",0,-0.60448,-3.99011,-1.91619,,-1.20132,-0.408752,0,0,0.140639,0,0,0,0,0,0,1,0,0,-3.99011,-17.1242,-8.05973,-25.1839,2.09644,-33.6739
COC1=C[C@@]23CCN(C)[C@@H](Cc4ccc(OC)c(O)c42)C3=CC1=O,"CN1CC[C@@]23C=C(C(=O)C=C2[C@@H]1CC4=C3C(=C(C=C4)OC)O)OC",70,Done,11.5,-3.25999,"grid_allosteric",0,-0.366161,-3.25999,-1.18,,-1.2776,-0.408752,0,0,0.197524,0,-0.225,0,0,0,0,1,0,0,-3.25999,-18.9214,-4.88214,-23.8036,2.35954,-28.4812
NC(=O)N1CCCC1=O,"C1CC(=O)N(C1)C(=O)N",71,Done,3.82,-3.15693,"grid_allosteric",0,-0.309542,-3.15693,-1.00629,,-1.00519,-0.5,0,0,0,0,0,0,0,0,0,1,-0.335913,0,-3.15693,-12.5037,-4.12723,-16.6309,3.25699,-18.6832
Cc1ccc2c(n1)C[C@H](C(C)(C)O)CC[C@H]2C,"C[C@@H]1CC[C@H](CC2=C1C=CC(=N2)C)C(C)(C)O",72,Done,12.95,-2.99828,"grid_allosteric",0,-0.272428,-2.99828,-0.7,,-1.23538,-0.5,0,0,0,0.134984,-0.425457,0,0,0,0,1,0,0,-2.99828,-18.2859,-3.63237,-21.9183,0.209186,-26.1175
C[C@H](CC(=O)C[C@@H](C)[C@H]1C[C@H](O)[C@@]2(C)C3=C(C(=O)C[C@]12C)[C@@]1(C)CC[C@H](O)C(C)(C)[C@@H]1C[C@@H]3O)C(=O)O,"C[C@H](CC(=O)C[C@@H](C)C(=O)O)[C@H]1C[C@@H]([C@@]2([C@@]1(CC(=O)C3=C2[C@H](C[C@@H]4[C@@]3(CC[C@@H](C4(C)C)O)C)O)C)C)O",73,Done,72.71,-4.87201,"grid_allosteric",0,-0.607801,-4.87201,-1.23343,,-2.72639,0,0,0,0.0285169,0.196323,0,0,0,0,0,1,-0.52923,0,-4.87201,-36.0913,-8.10401,-44.1953,6.25538,-51.6628
C[C@H](CCC(=O)O)[C@H]1CC(=O)[C@@]2(C)C3=C(C(=O)C[C@]12C)[C@@]1(C)CCC(=O)C(C)(C)[C@@H]1C[C@@H]3O,"C[C@H](CCC(=O)O)[C@H]1CC(=O)[C@@]2([C@@]1(CC(=O)C3=C2[C@H](C[C@@H]4[C@@]3(CCC(=O)C4(C)C)C)O)C)C",74,Done,32.61,-4.10441,"grid_allosteric",0,-0.332419,-4.10441,-2.02531,,-1.84066,0,0,0,0.161573,0.16396,0,0,0,0,0,1,-0.23155,0,-4.10441,-26.1589,-4.43225,-30.5911,3.32061,-32.9285
CCCCCCCCC[C@H](O)[C@@H]1CC[C@@H]([C@@H]2CC[C@@H](CCCCCCCCCC[C@H](O)CC3=C[C@H](C)OC3=O)O2)O1,"CCCCCCCCC[C@@H]([C@@H]1CC[C@H](O1)[C@@H]2CC[C@H](O2)CCCCCCCCCC[C@@H](CC3=C[C@@H](OC3=O)C)O)O",75,Done,437.09,-3.09454,"grid_allosteric",0,-0.438966,-3.09454,-1.30325,,-4.72153,0,0,0,2.82351,0.545689,0,0,0,0,0,1,0,0,-3.09454,-37.1337,-5.85288,-42.9866,13.3613,-51.0229
CCCCCCCCC[C@H](O)[C@@H]1CC[C@H]([C@H]2CC[C@@H](CCCCCCCCCC[C@H](O)CC3=C[C@H](C)OC3=O)O2)O1,"CCCCCCCCC[C@@H]([C@@H]1CC[C@@H](O1)[C@H]2CC[C@H](O2)CCCCCCCCCC[C@@H](CC3=C[C@@H](OC3=O)C)O)O",76,Done,407.47,-4.19524,"grid_allosteric",0,-0.688617,-4.19524,-2.42993,,-3.04536,0,1,0,0.422973,0.545689,0,0,0,0,0,1,0,0,-4.19524,-33.5582,-9.18157,-42.7398,10.4414,-54.7357
CCC[C@@H](O)[C@H](O)CCCCCCCC[C@@H](O)[C@H]1CC[C@H](CCCCCCCCCC[C@@H](O)CC2=C[C@H](C)OC2=O)O1,"CCC[C@H]([C@@H](CCCCCCCC[C@H]([C@H]1CC[C@@H](O1)CCCCCCCCCC[C@H](CC2=C[C@@H](OC2=O)C)O)O)O)O",77,Done,425.84,-4.88541,"grid_allosteric",0,-0.979056,-4.88541,-2.67129,,-5.16796,0,0,0,3.48706,0.582172,0,0,0,0,0,1,-0.13634,0,-4.88541,-39.6928,-13.0541,-52.7468,21.5612,-67.7311
CCCCCCCCCC[C@H](O)[C@H]1CC[C@H]([C@H]2CC[C@H]([C@H](O)CCCC[C@H](O)CCCCC[C@@H](O)CC3=C[C@H](C)OC3=O)O2)O1,"CCCCCCCCCC[C@@H]([C@H]1CC[C@@H](O1)[C@H]2CC[C@@H](O2)[C@@H](CCCC[C@@H](CCCCC[C@H](CC3=C[C@@H](OC3=O)C)O)O)O)O",78,Done,433.09,-4.82671,"grid_allosteric",0,-1.12717,-4.82671,-3.50452,,-2.35339,0,0,0,1.68638,0.471989,0,0,0,0,0,1,0,0,-4.82671,-27.8216,-15.0289,-42.8505,15.27,-52.1639
CCCCCCCCCCCC[C@@H](O)[C@H]1CC[C@@H]([C@@H](O)CCCCCC[C@@H](O)CCCCC[C@@H](O)CC2=C[C@H](C)OC2=O)O1,"CCCCCCCCCCCC[C@H]([C@H]1CC[C@H](O1)[C@H](CCCCCCC(CCCCC[C@H](CC2=C[C@@H](OC2=O)C)O)O)O)O",79,Done,335.08,-4.14825,"grid_allosteric",0,-1.03315,-4.14825,-3.07234,,-3.7446,0,0,0,3.30366,0.567872,0,0,0,0,0,1,-0.169693,0,-4.14825,-34.0014,-13.7753,-47.7767,13.1973,-54.0695
CCCCCCCCCC[C@@H](O)[C@H]1CC[C@H]([C@H]2CC[C@H]([C@H](O)CCCCCCCCCC[C@@H](O)CC3=C[C@H](C)OC3=O)O2)O1,"CCCCCCCCCC[C@H]([C@H]1CC[C@@H](O1)[C@H]2CC[C@@H](O2)[C@@H](CCCCCCCCCC[C@H](CC3=C[C@@H](OC3=O)C)O)O)O",80,Done,401.3,-5.82035,"grid_allosteric",0,-1.18055,-5.82035,-3.3685,,-4.03982,0,0,0,2.26624,0.502287,0,0,0,0,0,1,0,0,-5.82035,-33.3973,-15.7407,-49.1379,19.7988,-51.0826
CCCCCCCCCC[C@@H](O)[C@@H]1CC[C@@H]([C@@H]2CC[C@@H]([C@@H](O)CCCCCCCCCC[C@@H](O)CC3=C[C@@H](C)OC3=O)O2)O1,"CCCCCCCCCC[C@H]([C@@H]1CC[C@H](O1)[C@@H]2CC[C@H](O2)[C@H](CCCCCCCCCCC(CC3=CC(OC3=O)C)O)O)O",81,Done,342.08,-2.66821,"grid_allosteric",0,-1.07565,-2.66821,-2.50323,,-3.45488,0,0,0,3.86328,0.502287,0,0,0,0,0,1,0,0,-2.66821,-35.4787,-14.342,-49.8208,15.6571,-60.1311
CCCCCCCCCCCC[C@@H](O)[C@H]1CC[C@H]([C@H](O)CCCC[C@H](O)CCCCCCCC2=C[C@H](C)OC2=O)O1,"CCCCCCCCCCCC[C@H]([C@H]1CC[C@@H](O1)[C@@H](CCCC[C@@H](CCCCCCCC2=C[C@@H](OC2=O)C)O)O)O",82,Done,319.82,-4.666,"grid_allosteric",0,-0.738755,-4.666,-1.99325,,-4.28018,0,0,0,1.85626,0.620759,0,0,0,0,0,1,-0.130841,0,-4.666,-37.2902,-9.85007,-47.1403,9.7276,-64.18
CCCCCCCCCCCC[C@@H](O)[C@H]1CC[C@@H]([C@@H](O)CCCCC(=O)CCCCCCCC2=C[C@H](C)OC2=O)O1,"CCCCCCCCCCCC[C@H]([C@H]1CC[C@H](O1)[C@H](CCCCC(=O)CCCCCCCC2=C[C@@H](OC2=O)C)O)O",83,Done,317.65,-2.77506,"grid_allosteric",0,-0.583489,-2.77506,-1.85221,,-4.4255,0,1,0,2.55839,0.625848,0,0,0,0,0,1,-0.0980897,0,-2.77506,-43.8815,-7.77985,-51.6614,15.799,-67.9032
CCCCCCCCCCCCCC[C@@H](O)[C@H]1CC[C@H]([C@H](O)CC[C@H](O)CCCCCCCC2=C[C@H](C)OC2=O)O1,"CCCCCCCCCCCCCC[C@H]([C@H]1CC[C@@H](O1)[C@@H](CC[C@@H](CCCCCCCC2=C[C@@H](OC2=O)C)O)O)O",84,Done,304.61,-4.7101,"grid_allosteric",0,-0.770388,-4.7101,-1.73153,,-4.11234,0,0,0,1.38856,0.620759,0,0,0,0,0,1,-0.105164,0,-4.7101,-37.3824,-10.2718,-47.6542,16.5203,-62.0032
CCCCCCCCCCCC[C@@H](O)[C@@H](O)CC[C@@H](O)[C@H]1CC[C@@H](CCCCCCC[C@@H](O)CC2=C[C@H](C)OC2=O)O1,"CCCCCCCCCCCCC(C(CCC(C1CCC(O1)CCCCCCC[C@H](CC2=C[C@@H](OC2=O)C)O)O)O)O",85,Done,426.79,-5.52888,"grid_allosteric",0,-1.21806,-5.52888,-4.09926,,-3.18085,0,0,0,2.38711,0.582172,0,0,0,0,0,1,0,0,-5.52888,-31.7575,-16.2408,-47.9983,20.241,-55.5622
CCCCC[C@@H](O)[C@@H](O)CCCCCC[C@H](O)[C@@H]1CC[C@@H](CCCCCCCCCC[C@@H](O)CC2=C[C@H](C)OC2=O)O1,"CCCCCC(C(CCCCCC[C@@H]([C@@H]1CC[C@H](O1)CCCCCCCCCC[C@H](CC2=C[C@@H](OC2=O)C)O)O)O)O",86,Done,570.32,-5.11417,"grid_allosteric",0,-0.699502,-5.11417,-2.55,,-4.2333,0,1,0,0.913983,0.582172,0,0,0,0,0,1,-0.127525,0,-5.11417,-39.8073,-9.32669,-49.134,20.737,-57.6793
CCCCC[C@@H](O)[C@@H](O)CCCCCC[C@H](O)[C@@H]1CC[C@@H](CCCCCCCCCC[C@H](O)CC2=C[C@H](C)OC2=O)O1,"CCCCCC(C(CCCCCC[C@@H]([C@@H]1CC[C@H](O1)CCCCCCCCCC[C@@H](CC2=C[C@@H](OC2=O)C)O)O)O)O",87,Done,492.4,-4.77772,"grid_allosteric",0,-0.718594,-4.77772,-1.75651,,-4.06558,0,0,0,1.18079,0.582172,0,0,0,0,0,1,0,0,-4.77772,-39.1529,-9.58126,-48.7341,13.0467,-61.5624
CCCCCCC[C@@H](O)[C@@H](O)CC[C@H](O)[C@@H]1CC[C@@H](CCCCCCCCCCCC[C@@H](O)CC2=C[C@H](C)OC2=O)O1,"CCCCCCCC(C(CC[C@@H]([C@@H]1CC[C@H](O1)CCCCCCCCCCCC[C@H](CC2=C[C@@H](OC2=O)C)O)O)O)O",88,Done,465.11,-6.46928,"grid_allosteric",0,-0.773942,-6.46928,-3.49987,,-3.90283,0,0,0,1.58997,0.582172,-0.375,0,0,0,0,1,-0.0897846,0,-6.46928,-35.1077,-10.3192,-45.4269,13.3184,-51.4052
CCCCCCC[C@@H](O)[C@@H](O)CC[C@H](O)[C@@H]1CC[C@@H](CCCCCCCCCC[C@@H](O)CC2=C[C@H](C)OC2=O)O1,"CCCCCCCC(C(CC[C@@H]([C@@H]1CC[C@H](O1)CCCCCCCCCC[C@H](CC2=C[C@@H](OC2=O)C)O)O)O)O",89,Done,451.25,-6.53777,"grid_allosteric",0,-1.13855,-6.53777,-2.99032,,-3.46794,0,0,0,0.516563,0.596793,0,0,0,0,0,1,-0.0543127,0,-6.53777,-35.6547,-15.1807,-50.8354,25.169,-58.5838
CCCC[C@@H](O)[C@@H](O)C/C=C\CC[C@H](O)[C@@H]1CC[C@@H](CCCCCCCCCCCC[C@@H](O)CC2=C[C@H](C)OC2=O)O1,"CCCCC(C(C/C=C\CC[C@@H]([C@@H]1CC[C@H](O1)CCCCCCCCCCCC[C@H](CC2=C[C@@H](OC2=O)C)O)O)O)O",90,Done,363.53,-5.82457,"grid_allosteric",0,-0.849906,-5.82457,-2.4,,-3.64297,0,0,0,0.90684,0.561462,0,0,0,0,0,1,-0.4,0,-5.82457,-36.0175,-11.3321,-47.3496,21.991,-50.4141
CCCCCCC[C@@H](O)[C@@H](O)CCCC[C@@H](O)[C@H]1CC[C@H](CCCCCCCCCCCCC2=C[C@H](C)OC2=O)O1,"CCCCCCCC(C(CCCC[C@H]([C@H]1CC[C@@H](O1)CCCCCCCCCCCCC2=C[C@@H](OC2=O)C)O)O)O",91,Done,292.11,-5.14338,"grid_allosteric",0,-0.491818,-5.14338,-2.105,,-3.71621,0,0,0,0.680413,0.620759,0,0,0,0,0,1,-0.131525,0,-5.14338,-36.2926,-6.55757,-42.8502,13.2079,-48.8903
CCCCC/C=C\CC[C@@H](O)[C@@H](O)CCCC[C@@H](O)[C@H]1CC[C@H](CCCCCCCCCCCCC2=C[C@H](C)OC2=O)O1,"CCCCC/C=C\CCC(C(CCCC[C@H]([C@H]1CC[C@@H](O1)CCCCCCCCCCCCC2=C[C@@H](OC2=O)C)O)O)O",92,Done,282.5,-2.95628,"grid_allosteric",0,-0.593174,-2.95628,-1.33,,-3.82634,0,0,0,2.39179,0.583974,0,0,0,0,0,1,-0.182529,0,-2.95628,-38.8764,-7.90899,-46.7853,10.592,-55.9487
CCCCCCCCCC[C@H](O)[C@H]1CC[C@H]([C@H]2CC[C@H]([C@H](O)CCCCCCCCCCC3=C[C@H](C)OC3=O)O2)O1,"CCCCCCCCCC[C@@H]([C@H]1CC[C@@H](O1)[C@H]2CC[C@@H](O2)[C@@H](CCCCCCCCCCC3=C[C@@H](OC3=O)C)O)O",93,Done,405.41,-4.74724,"grid_allosteric",0,-0.451566,-4.74724,-1.52251,,-3.42232,0,0,0,0.239551,0.545689,0,0,0,0,0,1,-0.136083,0,-4.74724,-32.0179,-6.02089,-38.0388,10.0847,-51.2609
C[C@H]1C=C(C[C@H](O)CCCCCCCCCC[C@@H](O)[C@H]2CCC(=O)O2)C(=O)O1,"C[C@H]1C=C(C(=O)O1)C[C@@H](CCCCCCCCCC[C@H]([C@H]2CCC(=O)O2)O)O",94,Done,237.42,-4.39013,"grid_allosteric",0,-0.542453,-4.39013,-1.75714,,-2.62368,-0.178275,0,0,0.418096,0.693323,0,0,0,0,0,1,-0.4,0,-4.39013,-30.354,-7.23271,-37.5867,12.5691,-41.592
CCCCCC[C@@H](O)CCC[C@H](O)[C@H]1CC[C@H]([C@H]2CC[C@H]([C@H](O)CCCC[C@@H](O)CCCCCCCC3=C[C@@H](C)OC3=O)O2)O1,"CCCCCCC(CCC[C@@H]([C@H]1CC[C@@H](O1)[C@H]2CC[C@@H](O2)[C@@H](CCCCC(CCCCCCCC3=CC(OC3=O)C)O)O)O)O",95,Done,511.3,-5.63957,"grid_allosteric",0,-0.922185,-5.63957,-1.97848,,-4.15978,0,0,0,1.21973,0.471989,-0.270829,0,0,0,0,1,0,0,-5.63957,-39.0661,-12.2958,-51.3619,19.9459,-62.6102
CCCCCC[C@H](O)CCC[C@H](O)[C@H]1CC[C@H]([C@H]2CC[C@H]([C@H](O)CCCCCCCCCCCCC3=C[C@H](C)OC3=O)O2)O1,"CCCCCC[C@@H](CCC[C@@H]([C@H]1CC[C@@H](O1)[C@H]2CC[C@@H](O2)[C@@H](CCCCCCCCCCCCC3=C[C@@H](OC3=O)C)O)O)O",96,Done,466.27,-6.07977,"grid_allosteric",0,-0.968553,-6.07977,-2.00296,,-4.79895,0,0,0,1.3207,0.502287,0,0,0,0,0,1,-0.132309,0,-6.07977,-40.1975,-12.914,-53.1115,14.3104,-69.6109
CCCCCCCCCC[C@H](O)[C@H]1CC[C@H]([C@H]2CC[C@H]([C@H](O)CCCCCCCCCCCCC3=C[C@H](C)OC3=O)O2)O1,"CCCCCCCCCC[C@@H]([C@H]1CC[C@@H](O1)[C@H]2CC[C@@H](O2)[C@@H](CCCCCCCCCCCCC3=C[C@@H](OC3=O)C)O)O",97,Done,410.68,-3.76698,"grid_allosteric",0,-0.703707,-3.76698,-2.57904,,-3.51557,0,0,0,2.4963,0.535027,0,0,0,0,0,1,0,0,-3.76698,-31.7991,-9.38276,-41.1818,14.8319,-50.4307
CC(C)=C1C=C(CN2CCCC2=O)C(=O)O1,"CC(=C1C=C(C(=O)O1)CN2CCCC2=O)C",98,Done,12.15,-2.90127,"grid_allosteric",0,-0.44235,-2.90127,-1.82294,,-0.842318,-0.5,0,0,0.410883,0.295451,0,0,0,0,0,1,0,0,-2.90127,-14.3472,-5.89799,-20.2452,0.516527,-23.8248
CC[C@@]1(O)C(=O)OCc2c1cc1n(c2=O)Cc2cc3ccccc3nc2-1,"CC[C@@]1(C2=C(COC1=O)C(=O)N3CC4=CC5=CC=CC=C5N=C4C3=C2)O",99,Done,13.68,-3.44362,"grid_allosteric",0,-0.203123,-3.44362,-1.18,,-1.69049,-0.338827,0,0,0.0748151,0,0,0,0,0,0,1,-0.105988,0,-3.44362,-23.3347,-2.7083,-26.043,3.5695,-33.8059
COc1cc2c(c(OC)c1OC)-c1ccc(OC)c(=O)cc1[C@@H](NC(C)=O)CC2,"CC(=O)N[C@H]1CCC2=CC(=C(C(=C2C3=CC=C(C(=O)C=C13)OC)OC)OC)OC",100,Done,25.41,-3.09632,"grid_allosteric",0,-0.549232,-3.09632,-1.11525,,-1.44563,-0.168543,3.11125e-09,0,0.129695,0.0526333,0,0,0,0,0,1,0,0,-3.09632,-19.7757,-7.32309,-27.0987,0.80111,-33.436
C=C1C(=O)O[C@@H]2[C@@H]3[C@@H]([C@H](OC(C)=O)[C@H]4O[C@@]34C)[C@@](O)(CCl)C[C@@H](OC(=O)/C(C)=C/CO)[C@@H]12,"C/C(=C\CO)/C(=O)O[C@@H]1C[C@@](C2[C@@H]([C@@H]3[C@](C2[C@@H]4[C@@H]1C(=C)C(=O)O4)(O3)C)OC(=O)C)(CCl)O",101,Done,14.34,-3.47297,"grid_allosteric",0,-0.725985,-3.47297,-2.29339,,-0.782875,0,0.0703808,0,0.066194,0.195288,0,0,0,0,0,1,-0.00257984,0,-3.47297,-15.6002,-9.6798,-25.28,4.4299,-29.4648
C=C(C)[C@@H]1CC[C@@]2(C)[C@H](O)CC[C@](C)(O)[C@@H]2C1,"CC(=C)[C@@H]1CC[C@]2([C@@H](CC[C@]([C@@H]2C1)(C)O)O)C",102,Done,5.95,-1.20974,"grid_allosteric",0,-0.355561,-1.20974,-0.829796,,-1.51233,-0.5,0,0,1.85776,0.130184,0,0,0,0,0,1,0,0,-1.20974,-16.7857,-4.74081,-21.5265,0.430373,-25.7501
C=C1CC[C@@H](O)[C@]2(C)CC[C@@H](C(C)C)[C@H](O)[C@@H]12,"CC(C)[C@@H]1CC[C@]2([C@@H](CCC(=C)[C@@H]2[C@H]1O)O)C",103,Done,9.68,-2.85888,"grid_allosteric",0,-0.1202,-2.85888,-0.7,,-1.41072,-0.5,0,0,0.072041,0,-0.2,0,0,0,0,1,0,0,-2.85888,-15.7761,-1.60267,-17.3787,4.00869,-19.0254
C=C1CC[C@@H](O[C@@H]2O[C@H](CO)[C@@H](O)[C@H](O)[C@H]2O)[C@]2(C)CC[C@@H](C(C)C)[C@H](O)[C@@H]12,"CC(C)[C@@H]1CC[C@]2([C@@H](CCC(=C)[C@@H]2[C@H]1O)O[C@H]3[C@@H]([C@H]([C@@H]([C@H](O3)CO)O)O)O)C",104,Done,48.16,-3.09545,"grid_allosteric",0,-0.547439,-3.09545,-1.33144,,-1.26576,-0.164979,0,0,0.0570171,0.157142,0,0,0,0,0,1,0,0,-3.09545,-18.6774,-7.29919,-25.9766,6.29213,-29.5055
C=C1C(=O)O[C@@H]2[C@@H]3C(=C(CO)C[C@@H](OC(=O)/C(C)=C\C)[C@@H]12)C[C@H](O)[C@]3(C)O,"C/C=C(/C)\C(=O)O[C@@H]1CC(=C2C[C@@H]([C@]([C@@H]2[C@@H]3[C@@H]1C(=C)C(=O)O3)(C)O)O)CO",105,Done,6.93,-4.67652,"grid_allosteric",0,-0.742319,-4.67652,-2.46435,,-1.25292,-0.238613,1.27591e-06,0,0.0744048,0.231992,-0.275,0,0,0,0,1,-0.0097102,0,-4.67652,-13.2146,-9.89759,-23.1122,0.545831,-29.7746
C=C1C(=O)O[C@@H]2[C@@H]3[C@@H]([C@H](O)[C@H]4O[C@@]34C)[C@@](O)(CCl)C[C@@H](OC(=O)/C(C)=C/CO)[C@@H]12,"C/C(=C\CO)/C(=O)O[C@@H]1C[C@@]([C@H]2[C@@H]([C@@H]3[C@@H]1C(=C)C(=O)O3)[C@]4([C@@H]([C@H]2O)O4)C)(CCl)O",106,Done,31.36,-3.27533,"grid_allosteric",0,-0.953528,-3.27533,-1.675,,-1.03466,-0.0704653,0.01172,0,0.261435,0.185179,0,0,0,0,0,1,0,0,-3.27533,-16.5588,-12.7137,-29.2725,2.38907,-35.8941
CC(C)[C@]12O[C@H]1[C@@H]1O[C@]13[C@]1(O[C@H]1C[C@@]1(O)C4=C(CC[C@]31C)C(=O)OC4)C2=O,"CC(C)[C@@]12[C@@H](O1)[C@H]3[C@@]4(O3)[C@]5(CCC6=C([C@@]5(C[C@H]7[C@]4(C2=O)O7)O)COC6=O)C",107,Done,9.46,-3.1886,"grid_allosteric",0,-0.497022,-3.1886,-1.11135,,-1.45067,-0.252052,0,0,0.122483,0,0,0,0,0,0,1,0,0,-3.1886,-18.4698,-6.62696,-25.0968,3.63174,-30.5725
C[C@@H](CO)[C@]12O[C@H]1[C@@H]1O[C@@]13[C@@]1(C)CCC4=C(COC4=O)[C@@H]1C[C@@H]1O[C@@]13C2=O,"C[C@@H](CO)[C@@]12[C@@H](O1)[C@H]3[C@@]4(O3)[C@]5(CCC6=C([C@@H]5C[C@H]7[C@]4(C2=O)O7)COC6=O)C",108,Done,20.83,-3.62245,"grid_allosteric",0,-0.633973,-3.62245,-1.45487,,-1.50854,-0.252052,0,0,0.108744,0.118242,0,0,0,0,0,1,0,0,-3.62245,-19.8703,-8.45297,-28.3233,5.26451,-34.8711
CC(C)[C@]12O[C@H]1[C@@H]1O[C@@]13[C@@]1(C)CCC4=C(COC4=O)[C@@H]1C[C@@H]1O[C@@]13[C@@H]2O,"CC(C)[C@@]12[C@@H](O1)[C@H]3[C@@]4(O3)[C@]5(CCC6=C([C@@H]5C[C@H]7[C@]4([C@@H]2O)O7)COC6=O)C",109,Done,13.04,-4.01823,"grid_allosteric",0,-0.657601,-4.01823,-2.2367,,-0.995724,-0.298663,0,0,0.345454,0,-0.175,0,0,0,0,1,0,0,-4.01823,-16.414,-8.76801,-25.182,0.659961,-31.3938
CC(C)[C@]12O[C@H]1[C@@H]1O[C@@]13[C@@]1(C)CCC4=C(COC4=O)[C@@H]1C[C@@H]1O[C@@]13C2=O,"CC(C)[C@@]12[C@@H](O1)[C@H]3[C@@]4(O3)[C@]5(CCC6=C([C@@H]5C[C@H]7[C@]4(C2=O)O7)COC6=O)C",110,Done,8.72,-3.25624,"grid_allosteric",0,-0.466552,-3.25624,-1.09129,,-1.50085,-0.305383,0,0,0.10784,0,0,0,0,0,0,1,0,0,-3.25624,-18.8588,-6.2207,-25.0795,3.64071,-30.4493
Cc1cc2c(cc1O)[C@@]1(C)CC[C@H](O)C(C)(C)[C@@H]1C=C2,"CC1=CC2=C(C=C1O)[C@]3(CC[C@@H](C([C@@H]3C=C2)(C)C)O)C",111,Done,6.97,-3.4918,"grid_allosteric",0,-0.359549,-3.4918,-1.33,,-1.432,-0.5,0,0,0.429746,0,-0.3,0,0,0,0,1,0,0,-3.4918,-15.3283,-4.79399,-20.1223,0.786709,-25.4857
Cc1cc2c(cc1O)[C@@]1(C)CC[C@H](O)C(C)(C)C1=CC2=O,"CC1=CC2=C(C=C1O)[C@]3(CC[C@@H](C(C3=CC2=O)(C)C)O)C",112,Done,5.18,-1.93266,"grid_allosteric",0,-0.447116,-1.93266,-1.22129,,-1.05373,-0.5,1.2388,0,0.0506739,0,0,0,0,0,0,1,0,0,-1.93266,-18.269,-5.96155,-24.2305,0.520129,-30.2832
Cc1cc2ccc(C)c(CCC(=O)C(C)C)c2cc1O,"CC1=C(C2=C(C=C1)C=C(C(=C2)O)C)CCC(=O)C(C)C",113,Done,16.35,-3.87634,"grid_allosteric",0,-0.778965,-3.87634,-2.14339,,-1.01106,-0.5,0,0,0.242499,0.314577,0,0,0,0,0,1,0,0,-3.87634,-16.9798,-10.3862,-27.366,2.60037,-34.9068
C/C(=C\CO)CCC[C@@H](C)CCC[C@H](C)CCCC(C)C,"C[C@@H](CCC[C@H](C)CCC/C(=C/CO)/C)CCCC(C)C",114,Done,222.16,-0.00377534,"grid_allosteric",0,-0.143148,-0.00377534,-0.458696,,-2.12296,-0.5,0,0,1.07787,2.14315,0,0,0,0,0,1,0,0,-0.00377534,-20.3506,-1.90864,-22.2592,3.92548,-25.6318
CC1(C)C(=O)CC[C@]23C[C@]24CC[C@]2(C)[C@@H]([C@@]5(C)CCC(=O)O5)CC[C@@]2(C)[C@@H]4[C@@H](O)C[C@@H]13,"C[C@]12CC[C@@]34C[C@@]35CCC(=O)C([C@@H]5C[C@@H]([C@H]4[C@@]1(CC[C@@H]2[C@]6(CCC(=O)O6)C)C)O)(C)C",115,Done,11.79,-2.77297,"grid_allosteric",0,-0.415829,-2.77297,-1.63434,,-1.69133,-0.0713197,0,0,1.16557,0.046345,0,0,0,0,0,1,-0.172066,0,-2.77297,-22.564,-5.54439,-28.1084,0.497251,-36.8827
C/C(=C/CC[C@@H](C)[C@H]1CC[C@@]2(C)[C@@H]3CC[C@H]4C(C)(C)C(=O)CC[C@@]45C[C@@]35CC[C@]12C)C(=O)O,"C[C@H](CC/C=C(/C)\C(=O)O)[C@H]1CC[C@@]2([C@@]1(CC[C@]34[C@H]2CC[C@@H]5[C@]3(C4)CCC(=O)C5(C)C)C)C",116,Done,30.4,-2.23747,"grid_allosteric",0,-0.419987,-2.23747,-1.57386,,-2.39552,0,0,0,1.94373,0.208163,0,0,0,0,0,1,0,0,-2.23747,-24.5628,-5.59983,-30.1626,4.56019,-37.1401
CC1(C)CC[C@]2(C(=O)O)CC[C@]3(C)C(=CC[C@@H]4[C@@]5(C)CC[C@H](O)C(C)(C)[C@@H]5CC[C@]43C)[C@@H]2C1,"C[C@]12CC[C@@H](C([C@@H]1CC[C@@]3([C@@H]2CC=C4[C@]3(CC[C@@]5([C@H]4CC(CC5)(C)C)C(=O)O)C)C)(C)C)O",117,Done,21.88,-0.880297,"grid_allosteric",0,-0.301948,-0.880297,-1.16752,,-1.89065,0,2,0,0.438517,0.0412987,0,0,0,0,0,1,0,0,-0.880297,-25.4061,-4.02597,-29.432,2.42827,-36.6779
C=C[C@@](C)(O)CC/C=C(\C)C(=O)OC[C@H]1O[C@@H](OC(=O)[C@]23CCC(C)(C)C[C@H]2C2=CC[C@@H]4[C@@]5(C)CC[C@H](O[C@@H]6O[C@H](CO[C@H]7OC[C@@H](O)[C@@H](O)[C@@H]7O[C@@H]7OC[C@@H](O)[C@H](O)[C@H]7O)[C@H](O)[C@H](O)[C@H]6O)C(C)(C)[C@@H]5CC[C@@]4(C)[C@]2(C)C[C@H]3O)[C@H](O[C@@H]2O[C@@H](C)[C@H](O[C@@H]3OC[C@@H](O)[C@H](O[C@@H]4OC[C@@H](O)[C@H](O)[C@H]4O)[C@H]3O)[C@@H](O)[C@H]2O[C@@H]2O[C@H](CO)[C@@H](O)[C@H](O)[C@H]2O)[C@@H](O)[C@H]1O,"C[C@H]1[C@@H]([C@H]([C@H]([C@@H](O1)O[C@@H]2[C@H]([C@H]([C@H](O[C@H]2OC(=O)[C@]34CCC(C[C@H]3C5=CC[C@@H]6[C@]7(CC[C@@H](C([C@@H]7CC[C@]6([C@@]5(C[C@H]4O)C)C)(C)C)O[C@H]8[C@@H]([C@H]([C@H]([C@H](O8)CO[C@@H]9[C@H]([C@@H]([C@@H](CO9)O)O)O[C@H]1[C@@H]([C@H]([C@@H](CO1)O)O)O)O)O)O)C)(C)C)COC(=O)/C(=C/CC[C@@](C)(C=C)O)/C)O)O)O[C@H]1[C@@H]([C@H]([C@@H]([C@H](O1)CO)O)O)O)O)O[C@H]1[C@@H]([C@H]([C@@H](CO1)O)O[C@H]1[C@@H]([C@H]([C@@H](CO1)O)O)O)O",118,Done,1537.61,-7.99649,"grid_allosteric",0,-1.58512,-7.99649,-5.38347,,-1.33648,0,0.00507177,0,0.300427,0.00307418,0,0,0,0,0,1,0,0,-7.99649,-18.0601,-21.1349,-39.195,10.3433,10000
C=C[C@@](C)(O)CC/C=C(\CO)C(=O)OC[C@H]1O[C@@H](OC(=O)[C@]23CCC(C)(C)C[C@H]2C2=CC[C@@H]4[C@@]5(C)CC[C@H](O[C@@H]6O[C@H](CO[C@@H]7OC[C@H](O)[C@H](O)[C@H]7O[C@@H]7OC[C@@H](O)[C@H](O)[C@H]7O)[C@@H](O)[C@H](O)[C@H]6O)C(C)(C)[C@@H]5CC[C@@]4(C)[C@]2(C)CC3)[C@H](O[C@@H]2O[C@@H](C)[C@H](O[C@@H]3OC[C@@H](O)[C@H](O[C@@H]4OC[C@@H](O)[C@H](O)[C@H]4O)[C@H]3O)[C@@H](O)[C@H]2O)[C@@H](O)[C@@H]1O,"C[C@H]1[C@@H]([C@H]([C@H]([C@@H](O1)O[C@@H]2[C@H]([C@@H]([C@H](O[C@H]2OC(=O)[C@@]34CC[C@@]5(C(=CC[C@H]6[C@]5(CC[C@@H]7[C@@]6(CC[C@@H](C7(C)C)O[C@H]8[C@@H]([C@H]([C@@H]([C@H](O8)CO[C@H]9[C@@H]([C@H]([C@H](CO9)O)O)O[C@H]1[C@@H]([C@H]([C@@H](CO1)O)O)O)O)O)O)C)C)[C@@H]3CC(CC4)(C)C)C)COC(=O)/C(=C/CC[C@@](C)(C=C)O)/CO)O)O)O)O)O[C@H]1[C@@H]([C@H]([C@@H](CO1)O)O[C@H]1[C@@H]([C@H]([C@@H](CO1)O)O)O)O",119,Done,1148.52,-11.8811,"grid_allosteric",0,-1.94005,-11.8811,-7.48257,,-3.14878,0,0.00501809,0,0.677019,0.0082787,0,0,0,0,0,1,0,0,-11.8811,-48.1504,-25.8673,-74.0177,24.874,-83.9999
C=C[C@@](C)(O)CC/C=C(\CO)C(=O)OC[C@H]1O[C@@H](OC(=O)[C@]23CCC(C)(C)C[C@H]2C2=CC[C@@H]4[C@@]5(C)CC[C@H](O[C@@H]6O[C@H](CO[C@H]7OC[C@H](O)[C@@H](O)[C@@H]7O[C@@H]7OC[C@@H](O)[C@H](O)[C@H]7O)[C@@H](O)[C@H](O)[C@H]6O)C(C)(C)[C@@H]5CC[C@@]4(C)[C@]2(C)C[C@H]3O)[C@H](O[C@@H]2O[C@@H](C)[C@H](O[C@@H]3OC[C@@H](O)[C@H](O[C@@H]4OC[C@@H](O)[C@H](O)[C@H]4O)[C@H]3O)[C@@H](O)[C@H]2O[C@@H]2O[C@H](CO)[C@H](O)[C@H](O)[C@H]2O)[C@@H](O)[C@@H]1O,"C[C@H]1[C@@H]([C@H]([C@H]([C@@H](O1)O[C@@H]2[C@H]([C@@H]([C@H](O[C@H]2OC(=O)[C@]34CCC(C[C@H]3C5=CC[C@@H]6[C@]7(CC[C@@H](C([C@@H]7CC[C@]6([C@@]5(C[C@H]4O)C)C)(C)C)O[C@H]8[C@@H]([C@H]([C@@H]([C@H](O8)CO[C@@H]9[C@H]([C@@H]([C@H](CO9)O)O)O[C@H]1[C@@H]([C@H]([C@@H](CO1)O)O)O)O)O)O)C)(C)C)COC(=O)/C(=C/CC[C@@](C)(C=C)O)/CO)O)O)O[C@H]1[C@@H]([C@H]([C@H]([C@H](O1)CO)O)O)O)O)O[C@H]1[C@@H]([C@H]([C@@H](CO1)O)O[C@H]1[C@@H]([C@H]([C@@H](CO1)O)O)O)O",120,Done,1756.11,-11.8279,"grid_allosteric",0,-2,-11.8279,-7.64,,-2.82097,0,0.000893941,0,0.627069,0.00507387,0,0,0,0,0,1,0,0,-11.8279,-41.5382,-28.2737,-69.8118,19.0219,-80.6052
C=C[C@@](C)(O)CC/C=C(\C)C(=O)O[C@@H]1[C@@H](O)[C@H](C)O[C@@H](OC[C@H]2O[C@@H](OC(=O)[C@]34CCC(C)(C)C[C@H]3C3=CC[C@@H]5[C@@]6(C)CC[C@H](O[C@@H]7O[C@H](CO[C@@H]8OC[C@H](O)[C@H](O)[C@H]8O[C@@H]8OC[C@@H](O)[C@H](O)[C@H]8O)[C@@H](O)[C@H](O)[C@H]7O)C(C)(C)[C@@H]6CC[C@@]5(C)[C@]3(C)C[C@H]4O)[C@H](O[C@@H]3O[C@@H](C)[C@H](O[C@@H]4OC[C@@H](O)[C@H](O[C@@H]5OC[C@@H](O)[C@H](O)[C@H]5O)[C@H]4O)[C@@H](O)[C@H]3O)[C@@H](O)[C@@H]2O)[C@@H]1OC(=O)/C(=C/CC[C@](C)(O)C=C)CO,"C[C@H]1[C@@H]([C@H]([C@H]([C@@H](O1)OC[C@@H]2[C@H]([C@@H]([C@H]([C@@H](O2)OC(=O)[C@]34CCC(C[C@H]3C5=CC[C@@H]6[C@]7(CC[C@@H](C([C@@H]7CC[C@]6([C@@]5(C[C@H]4O)C)C)(C)C)O[C@H]8[C@@H]([C@H]([C@@H]([C@H](O8)CO[C@H]9[C@@H]([C@H]([C@H](CO9)O)O)O[C@H]1[C@@H]([C@H]([C@@H](CO1)O)O)O)O)O)O)C)(C)C)O[C@H]1[C@@H]([C@@H]([C@H]([C@@H](O1)C)O[C@H]1[C@@H]([C@H]([C@@H](CO1)O)O[C@H]1[C@@H]([C@H]([C@@H](CO1)O)O)O)O)O)O)O)O)OC(=O)/C(=C/CCC(C)(C=C)O)/CO)OC(=O)/C(=C/CC[C@@](C)(C=C)O)/C)O",121,"PROBLEM IN CONFGEN",84.26,,,,,,,,,,,,,,,,,,,,,,,,,,,
C=C[C@@](C)(O)CC/C=C(\C)C(=O)OC[C@H]1O[C@@H](OC(=O)[C@]23CCC(C)(C)C[C@H]2C2=CC[C@@H]4[C@@]5(C)CC[C@H](O[C@@H]6O[C@H](CO[C@@H]7OC[C@@H](O)[C@@H](O)[C@H]7O[C@@H]7OC[C@@H](O)[C@H](O)[C@H]7O)[C@H](O)[C@H](O)[C@H]6O)C(C)(C)[C@@H]5CC[C@@]4(C)[C@]2(C)CC3)[C@H](O[C@@H]2O[C@@H](C)[C@H](O[C@@H]3OC[C@@H](O)[C@H](O[C@@H]4OC[C@@H](O)[C@H](O)[C@H]4O)[C@H]3O)[C@@H](O)[C@H]2O)[C@@H](OC(=O)/C(=C/CC[C@](C)(O)C=C)CO)[C@@H]1O,"C[C@H]1[C@@H]([C@H]([C@H]([C@@H](O1)O[C@@H]2[C@H]([C@@H]([C@H](O[C@H]2OC(=O)[C@@]34CC[C@@]5(C(=CC[C@H]6[C@]5(CC[C@@H]7[C@@]6(CC[C@@H](C7(C)C)O[C@H]8[C@@H]([C@H]([C@H]([C@H](O8)CO[C@H]9[C@@H]([C@@H]([C@@H](CO9)O)O)O[C@H]1[C@@H]([C@H]([C@@H](CO1)O)O)O)O)O)O)C)C)[C@@H]3CC(CC4)(C)C)C)COC(=O)/C(=C/CC[C@@](C)(C=C)O)/C)O)OC(=O)/C(=C/CC[C@@](C)(C=C)O)/CO)O)O)O[C@H]1[C@@H]([C@H]([C@@H](CO1)O)O[C@H]1[C@@H]([C@H]([C@@H](CO1)O)O)O)O",122,"PROBLEM IN CONFGEN",30.3,,,,,,,,,,,,,,,,,,,,,,,,,,,
C=C[C@@](C)(O)CC/C=C(\C)C(=O)O[C@H]1[C@@H](O)[C@H](O)CO[C@@H]1O[C@](C)(C=C)CC/C=C(\C)C(=O)OC[C@H]1O[C@@H](OC(=O)[C@]23CCC(C)(C)C[C@H]2C2=CC[C@@H]4[C@@]5(C)CC[C@H](O[C@@H]6O[C@H](CO[C@H]7OC[C@@H](O)[C@@H](O)[C@H]7O[C@@H]7OC[C@@H](O)[C@H](O)[C@H]7O)[C@H](O)[C@H](O)[C@H]6O)C(C)(C)[C@@H]5CC[C@@]4(C)[C@]2(C)CC3)[C@H](O[C@@H]2O[C@@H](C)[C@H](O[C@@H]3OC[C@@H](O)[C@H](O[C@@H]4OC[C@@H](O)[C@H](O)[C@H]4O)[C@H]3O)[C@@H](O)[C@H]2O)[C@@H](OC(=O)/C(C)=C/CC[C@](C)(O)C=C)[C@@H]1O,"C[C@H]1[C@@H]([C@H]([C@H]([C@@H](O1)O[C@@H]2[C@H]([C@@H]([C@H](O[C@H]2OC(=O)[C@@]34CC[C@@]5(C(=CC[C@H]6[C@]5(CC[C@@H]7[C@@]6(CC[C@@H](C7(C)C)O[C@H]8[C@@H]([C@H]([C@H]([C@H](O8)CO[C@@H]9[C@@H]([C@@H]([C@@H](CO9)O)O)O[C@H]1[C@@H]([C@H]([C@@H](CO1)O)O)O)O)O)O)C)C)[C@@H]3CC(CC4)(C)C)C)COC(=O)/C(=C/CC[C@@](C)(C=C)O[C@@H]1[C@H]([C@H]([C@@H](CO1)O)O)OC(=O)/C(=C/CC[C@@](C)(C=C)O)/C)/C)O)OC(=O)/C(=C/CC[C@@](C)(C=C)O)/C)O)O)O[C@H]1[C@@H]([C@H]([C@@H](CO1)O)O[C@H]1[C@@H]([C@H]([C@@H](CO1)O)O)O)O",123,Done,1543.77,-11.836,"grid_allosteric",0,-2,-11.836,-8.71792,,-2.32519,0,2.41595e-05,0,1.27694,0.0190437,0,0,0,0,0,1,-0.088855,0,-11.836,-32.6847,-30.6074,-63.2921,0,-68.3618
C=C[C@@](C)(O)CC/C=C(\CO)C(=O)OC[C@H]1O[C@@H](OC(=O)[C@]23CCC(C)(C)C[C@H]2C2=CC[C@@H]4[C@@]5(C)CC[C@H](O[C@]6(O)O[C@H](CO[C@@H]7OC[C@H](O)[C@H](O)[C@H]7O[C@@H]7OC[C@@H](O)[C@H](O)[C@H]7O)[C@@H](O)[C@H](O)[C@H]6O)C(C)(C)[C@@H]5CC[C@@]4(C)[C@]2(C)CC3)[C@H](O[C@@H]2O[C@@H](C)[C@H](O[C@@H]3OC[C@@H](O)[C@H](O[C@@H]4OC[C@@H](O)[C@H](O)[C@H]4O)[C@H]3O)[C@@H](O)[C@H]2O)[C@@H](O)[C@@H]1O,"C[C@H]1[C@@H]([C@H]([C@H]([C@@H](O1)O[C@@H]2[C@H]([C@@H]([C@H](O[C@H]2OC(=O)[C@@]34CC[C@@]5(C(=CC[C@H]6[C@]5(CC[C@@H]7[C@@]6(CC[C@@H](C7(C)C)O[C@]8([C@@H]([C@H]([C@@H]([C@H](O8)CO[C@H]9[C@@H]([C@H]([C@H](CO9)O)O)O[C@H]1[C@@H]([C@H]([C@@H](CO1)O)O)O)O)O)O)O)C)C)[C@@H]3CC(CC4)(C)C)C)COC(=O)/C(=C/CC[C@@](C)(C=C)O)/CO)O)O)O)O)O[C@H]1[C@@H]([C@H]([C@@H](CO1)O)O[C@H]1[C@@H]([C@H]([C@@H](CO1)O)O)O)O",124,Done,1068.01,-11.882,"grid_allosteric",0,-1.91845,-11.882,-7.8241,,-2.49669,0,0.00222496,0,0.486938,0.00696541,0,0,0,0,0,1,-0.138931,0,-11.882,-37.2949,-25.5793,-62.8743,0,-83.9061
O=C1c2c(O)cc(O)cc2O[C@@H](c2ccc(O)cc2)[C@@H]1O,"C1=CC(=CC=C1[C@H]2[C@@H](C(=O)C3=C(C=C(C=C3O2)O)O)O)O",125,Done,21.22,-5.34608,"grid_allosteric",0,-0.846131,-5.34608,-2.53728,,-1.26518,-0.5,0,0,0.0154905,0.0938216,-0.175,0,0,0,0,1,-0.131796,0,-5.34608,-17.9277,-11.2817,-29.2094,2.18317,-34.2372
COc1cc(O)ccc1-c1oc2cc(O)cc(OC)c2c(=O)c1O,"COC1=CC(=CC2=C1C(=O)C(=C(O2)C3=C(C=C(C=C3)O)OC)O)O",126,Done,23.83,-3.88335,"grid_allosteric",0,-0.406727,-3.88335,-1.33,,-1.40558,-0.399037,0,0,0.0773562,0.0738814,-0.493246,0,0,0,0,1,0,0,-3.88335,-20.1528,-5.42303,-25.5759,1.15202,-32.4975
COc1cc(-c2oc3cc(O)cc(O)c3c(=O)c2O[C@H]2O[C@H](CO)[C@@H](O)[C@H](O)[C@H]2O)ccc1O,"COC1=C(C=CC(=C1)C2=C(C(=O)C3=C(C=C(C=C3O2)O)O)O[C@@H]4[C@@H]([C@H]([C@@H]([C@H](O4)CO)O)O)O)O",127,Done,76.6,-6.17046,"grid_allosteric",0,-1.3333,-6.17046,-3.86107,,-1.32264,0,0,0,0.194774,0.151784,0,0,0,0,0,1,0,0,-6.17046,-19.9031,-17.7774,-37.6805,5.04821,-46.5672
COc1ccc(-c2cc(=O)c3c(O)cc(OC)c(-c4cc(-c5cc(=O)c6c(O)cc(O)cc6o5)ccc4O)c3o2)cc1,"COC1=CC=C(C=C1)C2=CC(=O)C3=C(O2)C(=C(C=C3O)OC)C4=C(C=CC(=C4)C5=CC(=O)C6=C(C=C(C=C6O5)O)O)O",128,Done,66.11,-5.4952,"grid_allosteric",0,-0.837768,-5.4952,-2.28863,,-2.42289,0,0.0398718,0,0.176126,0.0464336,-0.208343,0,0,0,0,1,0,0,-5.4952,-30.9177,-11.1702,-42.088,1.07004,-55.8286
C[C@]12CC[C@H]3[C@@H](CC[C@]4(O)C[C@@H](O)CC[C@]34C=O)[C@@]1(O)CC[C@@H]2C1=CC(=O)OC1,"C[C@]12CC[C@H]3[C@H]([C@]1(CC[C@@H]2C4=CC(=O)OC4)O)CC[C@]5([C@@]3(CC[C@@H](C5)O)C=O)O",129,Done,19.73,-4.03834,"grid_allosteric",0,-0.957752,-4.03834,-2.93451,,-1.14112,-0.151678,0,0,1.09527,0.0514537,0,0,0,0,0,1,0,0,-4.03834,-12.5419,-12.77,-25.3119,1.81432,-35.3967
CC1=CC(=O)[C@@]2(O1)c1c(cc(/C=C/c3ccc(O)c(O)c3)oc1=O)O[C@@H]2c1ccc(O)c(O)c1,"CC1=CC(=O)C2(O1)C(OC3=C2C(=O)OC(=C3)/C=C/C4=CC(=C(C=C4)O)O)C5=CC(=C(C=C5)O)O",130,Done,56.8,-4.75318,"grid_allosteric",0,-0.6163,-4.75318,-2.32689,,-2.35486,0,0,0,0.673739,0.121126,-0.25,0,0,0,0,1,0,0,-4.75318,-27.5372,-8.21733,-35.7545,2.28523,-46.4855
CCCCCCCCCCC[C@H]1C(=O)C(=O)C=C(OCC)C1=O,"CCCCCCCCCCCC1=C(C(=O)C=C(C1=O)OCC)O",131,Done,58.29,-5.23157,"grid_allosteric",0,-0.588215,-5.23157,-1.82509,,-3.22324,-0.425203,0,0,0.0593123,0.770864,0,0,0,0,0,1,0,0,-5.23157,-26.6878,-7.84287,-34.5306,5.15569,-43.9059
CCCCCCCCCCCC1=C(O)C(=O)C=C(OCC)C1=O,"CCCCCCCCCCCC1=C(C(=O)C=C(C1=O)OCC)O",132,Done,104,-4.45536,"grid_allosteric",0,-0.393826,-4.45536,-1.1564,,-3.04314,-0.425203,0,0,0,0.770864,-0.15,0,0,0,0,1,-0.0576489,0,-4.45536,-28.9186,-5.25101,-34.1696,8.48748,-37.6921
CCCCCCCCCCCC1=C(O)C(OCC)=CC(=O)C1=O,"CCCCCCCCCCCC1=C(C(=O)C=C(C1=O)OCC)O",133,Done,132.1,-4.13137,"grid_allosteric",0,-0.345136,-4.13137,-1.11101,,-3.02089,-0.425203,0,0,0,0.770864,0,0,0,0,0,1,0,0,-4.13137,-27.7058,-4.60181,-32.3076,4.15518,-40.5564
CCCCCCCCCCC[C@H]1C(=O)C(=O)C=C(OC)C1=O,"CCCCCCCCCCCC1=C(C(=O)C=C(C1=O)OC)O",134,Done,47.6,-5.32107,"grid_allosteric",0,-0.587942,-5.32107,-1.92359,,-3.01535,-0.471958,0,0,0.0525318,0.750241,-0.125,0,0,0,0,1,0,0,-5.32107,-25.5198,-7.83923,-33.359,3.42428,-42.891
CCCCCCCCCCCC1=C(O)C(=O)C=C(OC)C1=O,"CCCCCCCCCCCC1=C(C(=O)C=C(C1=O)OC)O",135,Done,181.93,-4.14592,"grid_allosteric",0,-0.467826,-4.14592,-1.21014,,-2.69933,-0.471958,0,0,0,0.750241,0,0,0,0,0,1,-0.0469114,0,-4.14592,-25.4345,-6.23768,-31.6722,4.13841,-39.3988
CCCCCCCCCCCC1=C(O)C(OC)=CC(=O)C1=O,"CCCCCCCCCCCC1=C(C(=O)C=C(C1=O)OC)O",136,Done,82.71,-4.1415,"grid_allosteric",0,-0.342375,-4.1415,-1.1367,,-2.94072,-0.471958,0,0,0,0.750241,0,0,0,0,0,1,0,0,-4.1415,-26.2026,-4.565,-30.7676,3.77557,-37.7966
COC(=O)c1c(O)cc(/C=C/c2ccc(O)c(O)c2)oc1=O,"COC(=O)C1=C(C=C(OC1=O)/C=C/C2=CC(=C(C=C2)O)O)O",137,Done,39.4,-5.04507,"grid_allosteric",0,-0.762512,-5.04507,-2.46181,,-1.59103,-0.485828,2.78849e-07,0,0,0.25611,0,0,0,0,0,1,0,0,-5.04507,-18.1447,-10.1668,-28.3115,0.978263,-34.9856
CC(=O)/C=C(O)/C=C\c1ccc(O)c(O)c1,"CC(=O)/C=C(/C=C\C1=CC(=C(C=C1)O)O)\O",138,Done,24.17,-4.17791,"grid_allosteric",0,-0.95767,-4.17791,-2.45781,,-0.994151,-0.5,0,0,0.13614,0.59558,0,0,0,0,0,1,0,0,-4.17791,-11.2388,-12.7689,-24.0077,1.33592,-33.8073
CC(=O)/C=C/c1ccc(O)c(O)c1,"CC(=O)/C=C/C1=CC(=C(C=C1)O)O",139,Done,7.52,-4.14946,"grid_allosteric",0,-0.497008,-4.14946,-1.80708,,-1.64426,-0.5,0,0,0.0538018,0.423659,-0.17857,0,0,0,0,1,0,0,-4.14946,-14.4402,-6.62678,-21.067,0.532965,-26.7076
CO[C@]1(CC(C)=O)Oc2cc(/C=C/c3ccc(O)c(O)c3)oc(=O)c2/C1=C/c1ccc(O)c(O)c1,"CC(=O)CC1(/C(=C\C2=CC(=C(C=C2)O)O)/C3=C(O1)C=C(OC3=O)/C=C/C4=CC(=C(C=C4)O)O)OC",140,Done,62.16,-4.44128,"grid_allosteric",0,-0.210979,-4.44128,-1.8472,,-2.70514,0,0,0,0.170283,0.151758,0,0,0,0,0,1,0,0,-4.44128,-30.8551,-2.81305,-33.6681,4.15697,-42.8532
O=c1oc2cc(/C=C/c3ccc(O)c(O)c3)oc(=O)c2c2cc(O)c(O)cc12,"C1=CC(=C(C=C1/C=C/C2=CC3=C(C4=CC(=C(C=C4C(=O)O3)O)O)C(=O)O2)O)O",141,Done,16.38,-6.10932,"grid_allosteric",0,-1.17205,-6.10932,-2.96094,,-2.25692,-0.232318,0,0,0.397938,0.114966,0,0,0,0,0,1,0,0,-6.10932,-20.5614,-15.6273,-36.1888,9.83113,-42.8726
O=c1oc2cc(/C=C/c3ccc(O)cc3)oc(=O)c2c2cc(O)c(O)cc12,"C1=CC(=CC=C1/C=C/C2=CC3=C(C4=CC(=C(C=C4C(=O)O3)O)O)C(=O)O2)O",142,Done,24.44,-5.85518,"grid_allosteric",0,-0.952382,-5.85518,-2.85673,,-2.3585,-0.28565,0,0,0.473928,0.124151,0,0,0,0,0,1,0,0,-5.85518,-20.6004,-12.6984,-33.2988,8.5955,-38.9605
Cc1cc2oc(=O)c3cc(O)c(O)cc3c2c(=O)o1,"CC1=CC2=C(C3=CC(=C(C=C3C(=O)O2)O)O)C(=O)O1",143,Done,5.06,-4.52493,"grid_allosteric",0,-0.751799,-4.52493,-2.67283,,-0.755533,-0.5,0,0,0.155232,0,0,0,0,0,0,1,0,0,-4.52493,-16.1682,-10.024,-26.1922,0.109667,-33.8686
CC1=CC(=O)[C@]2(O1)C(c1cc3oc(=O)c4cc(O)c(O)cc4c3c(=O)o1)=Cc1cc(O)c(O)cc12,"CC1=CC(=O)C2(O1)C(=CC3=CC(=C(C=C23)O)O)C4=CC5=C(C6=CC(=C(C=C6C(=O)O5)O)O)C(=O)O4",144,Done,18.3,-4.34663,"grid_allosteric",0,-1.00299,-4.34663,-2.98968,,-1.24949,0,0,0,0.856995,0.0385368,0,0,0,0,0,1,0,0,-4.34663,-23.558,-13.3732,-36.9312,0,-51.0742
